OrderID,CustomerID,ProductID,Quantity,OrderDate,DeliveryZone,Status
ORD-20240806-800,8443753vAS,XFI-XFI-725,9,2024-08-06,GGM,Delivered
ORD-20240928-4532,3905935tAS,FLA-FLA-253,5,2024-09-28,HDB,Cancelled
ORD-20241015-38,1946104iAS,TPH-TPH-591,15,2024-10-15,DDN,Delivered
ORD-20240423-9553,2766492uAS,AKY-AKY-833,6,2024-04-23,ABD,Pending
ORD-20241009-1582,7256575nAS,BRF-BRF-259,3,2024-10-09,BPL,Cancelled
ORD-20241001-9829,5104951wAS,NQK-NQK-349,9,2024-10-01,JPR,Delivered
ORD-20231128-9556,32257697AS,JKT-JKT-110,1,2023-11-28,VNI,Cancelled
ORD-20241031-1154,2496416jAS,PAQ-PAQ-332,13,2024-10-31,BGL,Delivered
ORD-20241104-6522,4479852uAS,HTS-HTS-248,4,2024-11-04,RJT,Pending
ORD-20240526-2045,8959008jAS,QOI-QOI-213,9,2024-05-26,HDB,Pending
ORD-20240327-1330,7954223xAS,WSI-WSI-307,6,2024-03-27,BPL,Delivered
ORD-20240802-8228,5065597vBS,LGJ-LGJ-806,3,2024-08-02,SRT,Delivered
ORD-20240926-1916,38236397BS,XWH-XWH-616,8,2024-09-26,VNI,Delivered
ORD-20241109-1052,0301048nBS,LSX-LSX-595,14,2024-11-09,ABD,Cancelled
ORD-20240126-6239,51040343BS,LJF-LJF-933,5,2024-01-26,PTA,Delivered
ORD-20240830-1177,6816395iBS,OSB-OSB-325,6,2024-08-30,GGM,Pending
ORD-20240131-6194,6916473vBS,GTK-GTK-284,3,2024-01-31,NOA,Delivered
ORD-20240722-2099,4873999eBS,GPH-GPH-922,8,2024-07-22,BPL,Delivered
ORD-20240626-1350,73807535BS,DUZ-DUZ-202,14,2024-06-26,HDB,Delivered
ORD-20240515-939,9247773jBS,STE-STE-646,12,2024-05-15,DDN,Pending
ORD-20240423-4449,2554137qBS,VTM-VTM-310,2,2024-04-23,MUM,Pending
ORD-20241002-1643,7167912nBS,QKP-QKP-465,2,2024-10-02,IDE,Pending
ORD-20240711-2935,61718541BS,ULD-ULD-435,11,2024-07-11,DDN,Cancelled
ORD-20231222-5198,1403529jBS,EYU-EYU-474,8,2023-12-22,GBZ,Delivered
ORD-20240402-2685,2068620lBS,UOT-UOT-305,4,2024-04-02,ABD,Delivered
ORD-20240416-2487,88360423BS,ETE-ETE-732,6,2024-04-16,THE,Pending
ORD-20241028-8736,2352016iBS,PDG-PDG-924,6,2024-10-28,CNI,Pending
ORD-20240421-6975,5056105nBS,PHD-PHD-654,9,2024-04-21,BNR,Pending
ORD-20240801-345,2984125vBS,DLX-DLX-841,6,2024-08-01,VNI,Cancelled
ORD-20240908-378,97907148BS,AGW-AGW-124,13,2024-09-08,LKO,Delivered
ORD-20240422-1963,1960984lBS,AZV-AZV-450,13,2024-04-22,IDE,Pending
ORD-20240817-1799,79908457BS,OOU-OOU-549,10,2024-08-17,GKR,Delivered
ORD-20240115-8558,85392456BS,FDM-FDM-032,10,2024-01-15,LKO,Pending
ORD-20231129-1408,2512241gBS,LAK-LAK-702,14,2023-11-29,HDB,Pending
ORD-20240316-7196,1890933yBS,FSZ-FSZ-043,7,2024-03-16,RJT,Delivered
ORD-20240624-9690,9449861bBS,JDS-JDS-636,2,2024-06-24,GKR,Cancelled
ORD-20240721-5,4746355fBS,NIS-NIS-404,2,2024-07-21,LKO,Delivered
ORD-20240103-6684,6035069bCS,HWZ-HWZ-637,10,2024-01-03,IDE,Pending
ORD-20240313-9561,2527242cCS,DAD-DAD-229,15,2024-03-13,PTA,Delivered
ORD-20240901-175,9128019uCS,VQR-VQR-598,13,2024-09-01,DLI,Delivered
ORD-20240518-5653,26469718CS,NQX-NQX-286,3,2024-05-18,DDN,Delivered
ORD-20240225-6543,0962372qCS,NDV-NDV-591,12,2024-02-25,SRT,Delivered
ORD-20240509-2429,0152153qCS,FWP-FWP-633,12,2024-05-09,MUM,Pending
ORD-20240402-5395,38511457CS,THY-THY-112,9,2024-04-02,HDB,Delivered
ORD-20240228-2242,9678581gCS,KCE-KCE-052,12,2024-02-28,DDN,Delivered
ORD-20231220-1507,4761455wCS,AIZ-AIZ-590,3,2023-12-20,BPL,Delivered
ORD-20240920-3579,1318945pCS,GMO-GMO-013,11,2024-09-20,VNI,Delivered
ORD-20241010-5517,78129311CS,ZHY-ZHY-937,8,2024-10-10,SRT,Delivered
ORD-20240423-8410,83974313CS,JXG-JXG-874,1,2024-04-23,DLI,Delivered
ORD-20240123-1297,68983421CS,JTP-JTP-996,11,2024-01-23,KKA,Pending
ORD-20231204-1048,4436885sCS,NGA-NGA-716,8,2023-12-04,GGM,Delivered
ORD-20240222-4748,3939908cCS,JSQ-JSQ-415,2,2024-02-22,KKA,Delivered
ORD-20240909-8315,7167615yCS,QFJ-QFJ-249,8,2024-09-09,PTA,Cancelled
ORD-20240413-2455,5145403aCS,MGO-MGO-579,10,2024-04-13,HDB,Delivered
ORD-20241020-7994,92366144CS,IZI-IZI-671,1,2024-10-20,AGA,Delivered
ORD-20240124-8593,7458667iCS,YOW-YOW-698,1,2024-01-24,THE,Cancelled
ORD-20240315-7234,45568145CS,OTI-OTI-200,4,2024-03-15,MUM,Delivered
ORD-20231230-6322,5514803gCS,EAI-EAI-733,2,2023-12-30,KKA,Pending
ORD-20241109-1003,1708034dCS,LXJ-LXJ-593,9,2024-11-09,PUN,Pending
ORD-20241007-5615,2072236mCS,FHN-FHN-988,2,2024-10-07,PTA,Delivered
ORD-20240803-6173,8216187fCS,NIL-NIL-092,4,2024-08-03,DLI,Delivered
ORD-20240605-9666,2449511uCS,WER-WER-894,6,2024-06-05,BPL,Delivered
ORD-20240727-9926,6267252oCS,LWU-LWU-209,11,2024-07-27,RJT,Pending
ORD-20240603-3452,6182915uCS,APH-APH-810,4,2024-06-03,CNI,Pending
ORD-20240907-2711,5256562tCS,JUY-JUY-107,3,2024-09-07,VNI,Pending
ORD-20240315-6130,2382505vCS,CMC-CMC-135,2,2024-03-15,LKO,Pending
ORD-20240701-9581,5875147kCS,URF-URF-670,11,2024-07-01,IDE,Delivered
ORD-20240828-884,5513782dCS,UPE-UPE-655,11,2024-08-28,GGM,Delivered
ORD-20240103-2314,7481946wCS,IJZ-IJZ-068,8,2024-01-03,ATR,Delivered
ORD-20240721-4742,2673968fCS,PIC-PIC-753,12,2024-07-21,NOA,Cancelled
ORD-20240614-5428,3006500lCS,PHD-PHD-590,11,2024-06-14,BPL,Delivered
ORD-20231204-7049,7544050jCS,VMG-VMG-269,9,2023-12-04,THE,Delivered
ORD-20240217-3259,0133266mCS,PSP-PSP-017,14,2024-02-17,DLI,Delivered
ORD-20240927-3146,6751694yCS,WGP-WGP-671,15,2024-09-27,BGL,Delivered
ORD-20231216-7708,5384770xCS,WSN-WSN-462,7,2023-12-16,VNI,Pending
ORD-20240208-5105,0561100xCS,ELI-ELI-659,6,2024-02-08,AGA,Pending
ORD-20241008-3395,0691405qCS,KOB-KOB-085,13,2024-10-08,NOA,Cancelled
ORD-20240930-3904,4773244vCS,BCV-BCV-924,11,2024-09-30,GKR,Pending
ORD-20240218-6757,1807955pCS,TJW-TJW-263,13,2024-02-18,KKA,Delivered
ORD-20231212-6669,90728506CS,TZH-TZH-624,11,2023-12-12,ATR,Delivered
ORD-20240607-9736,7005577pCS,HSU-HSU-535,11,2024-06-07,VNI,Pending
ORD-20241110-4752,8951090kDS,QXZ-QXZ-027,14,2024-11-10,HDB,Delivered
ORD-20240320-5612,1792960fDS,NUS-NUS-351,15,2024-03-20,DLI,Delivered
ORD-20240508-406,9970192DS,RSJ-RSJ-239,8,2024-05-08,BGL,Delivered
ORD-20241102-7357,1908222vDS,SLB-SLB-191,14,2024-11-02,CNI,Delivered
ORD-20240115-3045,8217837cDS,FLJ-FLJ-763,7,2024-01-15,LKO,Pending
ORD-20231211-3383,6107234sDS,EUP-EUP-203,8,2023-12-11,HDB,Delivered
ORD-20240910-5752,26308048DR,LIN-LIN-173,15,2024-09-10,BPL,Delivered
ORD-20240513-8940,0927262mDR,URM-URM-457,6,2024-05-13,PTA,Pending
ORD-20240616-7400,9365525aDR,FHK-FHK-814,14,2024-06-16,PTA,Delivered
ORD-20240419-9397,7049031aDR,DXF-DXF-217,8,2024-04-19,KKA,Pending
ORD-20240713-3054,97131035DR,JIW-JIW-302,5,2024-07-13,MUM,Delivered
ORD-20231119-8514,9798168eDR,LFX-LFX-096,13,2023-11-19,HDB,Delivered
ORD-20240523-8251,76590372DR,XIZ-XIZ-281,13,2024-05-23,PUN,Delivered
ORD-20240328-4247,3126999iDR,MHW-MHW-296,15,2024-03-28,BPL,Delivered
ORD-20231124-2903,2400429bDR,YSW-YSW-152,4,2023-11-24,JPR,Delivered
ORD-20240709-1304,56138991DR,KLE-KLE-280,6,2024-07-09,BGL,Cancelled
ORD-20240908-1545,2871784oDR,HEF-HEF-349,4,2024-09-08,LKO,Pending
ORD-20240615-333,82975274DR,XBK-XBK-379,9,2024-06-15,PUN,Cancelled
ORD-20240229-6544,81353178DR,IUX-IUX-683,5,2024-02-29,KKA,Pending
ORD-20240609-2581,0013151gDR,PBX-PBX-725,8,2024-06-09,KKA,Pending
ORD-20240728-9950,3584752tDR,POS-POS-195,1,2024-07-28,PTA,Delivered
ORD-20240220-1102,0367096oDR,THW-THW-235,13,2024-02-20,JPR,Cancelled
ORD-20240623-6248,6166960eDR,MZU-MZU-361,2,2024-06-23,DLI,Delivered
ORD-20240103-6510,6773236lDR,CIR-CIR-054,9,2024-01-03,GBZ,Delivered
ORD-20240604-1829,1721221eDR,IDM-IDM-121,1,2024-06-04,MUM,Delivered
ORD-20241028-7442,2604236nDR,EZE-EZE-547,5,2024-10-28,LKO,Delivered
ORD-20240508-2830,9528240gDR,BGF-BGF-780,14,2024-05-08,PUN,Pending
ORD-20240829-9206,4173392DR,JKT-JKT-493,3,2024-08-29,ATR,Delivered
ORD-20240825-7886,0271833gDR,OIN-OIN-776,5,2024-08-25,THE,Delivered
ORD-20240311-9661,7493762aDR,ZKA-ZKA-410,6,2024-03-11,THE,Pending
ORD-20241009-8825,1812570zDR,OLV-OLV-090,15,2024-10-09,GGM,Delivered
ORD-20240624-313,54143876DR,GHI-GHI-327,13,2024-06-24,GGM,Pending
ORD-20241107-7467,1109454nDR,NHD-NHD-151,8,2024-11-07,DLI,Pending
ORD-20240822-3926,95718824DR,EHG-EHG-259,14,2024-08-22,DDN,Delivered
ORD-20240628-4978,4161962pDR,XZP-XZP-330,15,2024-06-28,DDN,Delivered
ORD-20241114-7525,8358450vDR,FWY-FWY-640,15,2024-11-14,GBZ,Delivered
ORD-20240920-8926,7729355pDR,PZT-PZT-185,6,2024-09-20,BNR,Pending
ORD-20240531-3913,3074602qDR,FBU-FBU-120,14,2024-05-31,GKR,Delivered
ORD-20241115-9384,8019291tDR,FPO-FPO-103,8,2024-11-15,JPR,Cancelled
ORD-20240822-7127,71592254DR,KTO-KTO-960,15,2024-08-22,GGM,Pending
ORD-20241027-8163,1130521pDR,RIY-RIY-825,15,2024-10-27,GGM,Delivered
ORD-20231223-8665,2572672oDR,RBU-RBU-783,3,2023-12-23,THE,Delivered
ORD-20240801-4627,1590189pDR,UVR-UVR-356,14,2024-08-01,NOA,Delivered
ORD-20240326-2375,2627406nDR,BHY-BHY-116,14,2024-03-26,KKA,Delivered
ORD-20240724-8385,2360566DR,GDC-GDC-646,9,2024-07-24,ABD,Delivered
ORD-20240914-9382,18498697DR,EEV-EEV-762,2,2024-09-14,GBZ,Delivered
ORD-20241009-8439,73624555DR,UOR-UOR-588,11,2024-10-09,BPL,Cancelled
ORD-20231122-1913,1703093nDR,ZWJ-ZWJ-571,9,2023-11-22,VNI,Cancelled
ORD-20240604-600,4261358eDR,GIO-GIO-299,2,2024-06-04,VNI,Pending
ORD-20240914-1082,2131579xDR,OJZ-OJZ-184,1,2024-09-14,ATR,Delivered
ORD-20240203-6636,47963254DR,ERI-ERI-698,13,2024-02-03,DLI,Pending
ORD-20241002-3088,59022636DR,QYJ-QYJ-703,1,2024-10-02,ABD,Delivered
ORD-20231222-7502,48106449DR,GML-GML-850,13,2023-12-22,MUM,Delivered
ORD-20240415-54,7649904eDR,YVN-YVN-457,7,2024-04-15,LKO,Delivered
ORD-20231221-7282,44064977DR,LOP-LOP-169,2,2023-12-21,PUN,Delivered
ORD-20240808-807,6241434bDP,SWD-SWD-740,11,2024-08-08,KKA,Pending
ORD-20240113-4554,9367329qDP,LHG-LHG-687,1,2024-01-13,DLI,Cancelled
ORD-20240515-767,0702243iDP,LVH-LVH-476,12,2024-05-15,AGA,Delivered
ORD-20240508-2637,9328974qDP,OWH-OWH-061,4,2024-05-08,ATR,Delivered
ORD-20240422-9846,9671426pDP,FJM-FJM-480,15,2024-04-22,BPL,Delivered
ORD-20240328-4148,8400840cDP,AIF-AIF-374,1,2024-03-28,PTA,Pending
ORD-20240409-3295,4244646mDP,HGT-HGT-092,1,2024-04-09,GGM,Delivered
ORD-20241026-4447,3670623wDP,NMI-NMI-695,15,2024-10-26,HDB,Delivered
ORD-20241015-9834,51741935DP,WEL-WEL-070,1,2024-10-15,MUM,Pending
ORD-20231203-2839,0092338kDP,ROB-ROB-408,7,2023-12-03,GGM,Delivered
ORD-20231211-5034,3530750dDP,GSE-GSE-316,12,2023-12-11,IDE,Cancelled
ORD-20240629-753,71511561DP,BTR-BTR-309,11,2024-06-29,PUN,Delivered
ORD-20240314-8183,76180784EP,MPA-MPA-487,6,2024-03-14,DLI,Delivered
ORD-20240602-8084,72008816EP,LAY-LAY-395,11,2024-06-02,IDE,Delivered
ORD-20240622-9639,59231153EP,HKK-HKK-936,15,2024-06-22,PTA,Pending
ORD-20240822-3663,3963918aEP,DFB-DFB-441,13,2024-08-22,THE,Delivered
ORD-20240921-1697,4743988cEP,TYR-TYR-229,15,2024-09-21,MUM,Delivered
ORD-20240402-6083,9536896yEP,0H-0H-721,1,2024-04-02,GKR,Pending
ORD-20231220-882,44937738EP,QCX-QCX-677,13,2023-12-20,GKR,Cancelled
ORD-20231215-1231,6485894cFP,KIL-KIL-804,2,2023-12-15,LKO,Delivered
ORD-20231210-7987,5377460jFP,NQI-NQI-339,6,2023-12-10,NOA,Pending
ORD-20240331-630,1817351nFP,PBB-PBB-043,8,2024-03-31,AGA,Delivered
ORD-20240408-5711,71692127FP,UNA-UNA-898,11,2024-04-08,GGM,Delivered
ORD-20241009-3395,0798490yFP,ERV-ERV-808,8,2024-10-09,PTA,Delivered
ORD-20241112-8419,69618099FP,QYM-QYM-242,2,2024-11-12,HDB,Delivered
ORD-20240520-7555,7211528qFP,CXI-CXI-363,14,2024-05-20,HDB,Cancelled
ORD-20240323-2810,88521602FP,KKR-KKR-094,3,2024-03-23,PUN,Cancelled
ORD-20240102-3297,2435952kFP,QSC-QSC-441,1,2024-01-02,AGA,Delivered
ORD-20240517-275,8646480kFP,EYK-EYK-646,15,2024-05-17,JPR,Delivered
ORD-20240807-6512,6857059mFP,ADL-ADL-656,2,2024-08-07,KKA,Delivered
ORD-20240224-8439,28886168FP,WNH-WNH-287,7,2024-02-24,THE,Cancelled
ORD-20240202-6422,4288395uFP,NFG-NFG-166,11,2024-02-02,BNR,Cancelled
ORD-20240913-3209,3083290yFP,MYT-MYT-339,12,2024-09-13,AGA,Delivered
ORD-20241111-2903,8294443rFP,TUZ-TUZ-904,10,2024-11-11,ATR,Delivered
ORD-20240408-4298,6172760oFP,IXY-IXY-512,15,2024-04-08,BPL,Delivered
ORD-20231219-96,8263972yFP,SDW-SDW-545,9,2023-12-19,BNR,Pending
ORD-20241014-5900,7937421rFP,DQE-DQE-611,7,2024-10-14,ATR,Delivered
ORD-20240130-8117,26285624FP,NTP-NTP-289,10,2024-01-30,PUN,Delivered
ORD-20240508-2913,1617343xFP,MID-MID-727,2,2024-05-08,BNR,Pending
ORD-20241014-8883,9835380hFP,TUE-TUE-535,8,2024-10-14,JPR,Delivered
ORD-20240803-9502,2974739uFP,FHI-FHI-696,7,2024-08-03,GKR,Delivered
ORD-20241031-408,5471935wFP,JET-JET-447,14,2024-10-31,IDE,Delivered
ORD-20240424-5710,70414694FP,WPU-WPU-757,8,2024-04-24,JPR,Pending
ORD-20231223-7715,4263115kFP,DMF-DMF-276,6,2023-12-23,BPL,Delivered
ORD-20240512-119,4347894fFP,QTI-QTI-097,2,2024-05-12,BNR,Pending
ORD-20231128-822,0457846nFP,NXL-NXL-688,12,2023-11-28,CNI,Pending
ORD-20240429-7374,3309256cFP,SDF-SDF-587,10,2024-04-29,HDB,Pending
ORD-20240229-121,4442429qFP,RLL-RLL-045,5,2024-02-29,HDB,Delivered
ORD-20241102-3397,9884984mFP,KRH-KRH-136,7,2024-11-02,IDE,Delivered
ORD-20231125-7505,9464908bFP,EKZ-EKZ-665,15,2023-11-25,DLI,Delivered
ORD-20240218-9030,5428432wFP,KLN-KLN-109,4,2024-02-18,SRT,Delivered
ORD-20240729-6701,1411859hFP,MLF-MLF-737,6,2024-07-29,ATR,Delivered
ORD-20240811-7523,2657270wFP,UXH-UXH-920,2,2024-08-11,ATR,Delivered
ORD-20240226-8012,4075368xFP,GBT-GBT-168,11,2024-02-26,GGM,Delivered
ORD-20240225-3402,75969039FP,SVP-SVP-946,14,2024-02-25,KKA,Cancelled
ORD-20240513-3913,9387238uFP,QAH-QAH-623,2,2024-05-13,SRT,Delivered
ORD-20241030-9096,9751641kFP,FRW-FRW-767,7,2024-10-30,KKA,Delivered
ORD-20240928-2986,11101599FP,PER-PER-760,4,2024-09-28,SRT,Pending
ORD-20231201-9374,59461864FP,WJQ-WJQ-654,9,2023-12-01,PTA,Delivered
ORD-20231118-890,2536719aFP,MIJ-MIJ-207,2,2023-11-18,SRT,Delivered
ORD-20231220-922,36953186FP,BWL-BWL-583,2,2023-12-20,SRT,Pending
ORD-20240718-5233,3073731bFP,XDE-XDE-273,7,2024-07-18,IDE,Delivered
ORD-20240916-8249,4051289zFP,UEJ-UEJ-234,5,2024-09-16,LKO,Delivered
ORD-20231121-3743,20759333FP,ZTW-ZTW-643,13,2023-11-21,NOA,Delivered
ORD-20240619-8514,1478719fFP,LHR-LHR-163,2,2024-06-19,AGA,Delivered
ORD-20240622-9446,2551682FP,SUM-SUM-999,10,2024-06-22,KKA,Delivered
ORD-20240913-5786,78458277FP,GTA-GTA-476,3,2024-09-13,DDN,Delivered
ORD-20240821-4722,27925380FP,MJU-MJU-730,8,2024-08-21,JPR,Delivered
ORD-20240327-7726,6759420eFP,NBY-NBY-262,10,2024-03-27,THE,Delivered
ORD-20240811-169,91726219FP,DBY-DBY-989,15,2024-08-11,RJT,Pending
ORD-20240525-3973,10004287FP,HRM-HRM-821,11,2024-05-25,PTA,Pending
ORD-20240515-5476,39318807FP,XOK-XOK-887,14,2024-05-15,KKA,Delivered
ORD-20241106-453,1566161mFP,ELB-ELB-563,2,2024-11-06,THE,Pending
ORD-20240124-5584,87034108FP,WCT-WCT-327,2,2024-01-24,PTA,Delivered
ORD-20241021-1763,6510511nFP,SIR-SIR-744,5,2024-10-21,NOA,Cancelled
ORD-20240121-7747,9268335oFP,LAR-LAR-394,2,2024-01-21,MUM,Delivered
ORD-20240509-5932,7813113FP,OUJ-OUJ-081,13,2024-05-09,DDN,Pending
ORD-20240524-7074,1450357uFP,BEY-BEY-569,2,2024-05-24,LKO,Delivered
ORD-20240517-9813,7893661bFP,JLA-JLA-451,7,2024-05-17,JPR,Pending
ORD-20241010-9789,62979851FP,PLS-PLS-957,12,2024-10-10,HDB,Delivered
ORD-20240810-2532,4428123hGP,OGA-OGA-576,5,2024-08-10,GGM,Delivered
ORD-20231127-4418,1325294iGP,CIB-CIB-977,2,2023-11-27,THE,Delivered
ORD-20240716-5829,8841458GP,IGE-IGE-163,6,2024-07-16,THE,Delivered
ORD-20240902-6226,228499GP,HTV-HTV-979,14,2024-09-02,LKO,Delivered
ORD-20240526-8141,5321688lGP,DXL-DXL-717,2,2024-05-26,CNI,Delivered
ORD-20240103-2463,6899122yGP,ZPF-ZPF-388,6,2024-01-03,VNI,Delivered
ORD-20240402-5732,4128559zGP,DUP-DUP-074,9,2024-04-02,AGA,Delivered
ORD-20231119-1840,80737858GP,TNK-TNK-799,3,2023-11-19,GKR,Pending
ORD-20240416-9474,2644301tGP,KFW-KFW-314,15,2024-04-16,RJT,Pending
ORD-20240520-8150,78735674GP,UDI-UDI-738,8,2024-05-20,LKO,Pending
ORD-20241014-2851,72076779GP,DAQ-DAQ-031,1,2024-10-14,HDB,Delivered
ORD-20241011-3751,8707974gGP,XHH-XHH-149,8,2024-10-11,BPL,Delivered
ORD-20241109-4025,6963471jGP,JBW-JBW-896,14,2024-11-09,DDN,Delivered
ORD-20240629-2964,4902862cGP,QAP-QAP-661,8,2024-06-29,JPR,Cancelled
ORD-20240318-8356,4879325tGP,LPE-LPE-930,6,2024-03-18,BNR,Delivered
ORD-20240406-1647,7074283cGP,YFC-YFC-905,13,2024-04-06,THE,Delivered
ORD-20231117-9256,2397901xGP,HSV-HSV-376,13,2023-11-17,PTA,Pending
ORD-20240305-2718,7674555dGP,PWE-PWE-330,6,2024-03-05,THE,Delivered
ORD-20240306-5108,4758548aGP,NWA-NWA-377,10,2024-03-06,BGL,Delivered
ORD-20241115-5997,97041440GP,GHG-GHG-923,15,2024-11-15,JPR,Delivered
ORD-20231126-4004,2844157oGP,CGJ-CGJ-146,12,2023-11-26,LKO,Delivered
ORD-20240430-942,60916332GP,YRR-YRR-103,4,2024-04-30,KKA,Pending
ORD-20240114-3338,3668248oGP,CRH-CRH-511,5,2024-01-14,MUM,Delivered
ORD-20240603-6604,2912191gGP,WRF-WRF-000,1,2024-06-03,GBZ,Delivered
ORD-20240321-6805,8922638qGP,HZK-HZK-762,14,2024-03-21,PTA,Delivered
ORD-20231214-7014,38842143GO,XDT-XDT-844,11,2023-12-14,THE,Delivered
ORD-20240107-6972,4107799jGO,SQV-SQV-464,1,2024-01-07,BNR,Delivered
ORD-20240905-1200,6621040gGO,NBD-NBD-563,1,2024-09-05,BNR,Pending
ORD-20231118-6656,1912547uGO,CIU-CIU-373,7,2023-11-18,LKO,Delivered
ORD-20240321-9666,83205363GO,ZPZ-ZPZ-367,8,2024-03-21,PUN,Delivered
ORD-20241012-3187,3092460kGO,YAE-YAE-847,1,2024-10-12,GBZ,Delivered
ORD-20240118-9252,2960325vGO,R0-R0-788,11,2024-01-18,ABD,Delivered
ORD-20240703-148,3434265jGO,ZZF-ZZF-917,15,2024-07-03,BNR,Pending
ORD-20241105-5574,3986885rGO,UGP-UGP-104,3,2024-11-05,ABD,Delivered
ORD-20240926-8551,1877187bGN,EBW-EBW-174,13,2024-09-26,CNI,Delivered
ORD-20240904-5604,13596397GN,XKH-XKH-618,9,2024-09-04,ATR,Pending
ORD-20241025-9272,3048637fGN,UBQ-UBQ-628,2,2024-10-25,THE,Delivered
ORD-20240618-5356,2419161xGN,GMA-GMA-196,14,2024-06-18,PUN,Delivered
ORD-20240814-7400,0793888rGN,WZA-WZA-159,1,2024-08-14,IDE,Pending
ORD-20231122-669,8479527nGN,PMW-PMW-349,7,2023-11-22,BNR,Delivered
ORD-20240313-6569,5514695lGN,SDW-SDW-716,7,2024-03-13,VNI,Delivered
ORD-20240818-5144,5798035wGN,TIO-TIO-907,2,2024-08-18,BNR,Delivered
ORD-20240620-5873,3255202GN,AEZ-AEZ-641,9,2024-06-20,GKR,Delivered
ORD-20241009-4042,8680465xGN,IHO-IHO-796,10,2024-10-09,GBZ,Delivered
ORD-20240904-4546,6290819wGN,NGD-NGD-591,12,2024-09-04,AGA,Delivered
ORD-20240501-3705,28682570GN,JPV-JPV-699,8,2024-05-01,SRT,Cancelled
ORD-20240126-3121,97298107GN,QIG-QIG-482,6,2024-01-26,PTA,Delivered
ORD-20240722-409,61313882GN,KBI-KBI-177,4,2024-07-22,VNI,Delivered
ORD-20240507-667,3014170gGN,OUV-OUV-358,12,2024-05-07,MUM,Pending
ORD-20240526-9459,67051701GN,ASM-ASM-133,11,2024-05-26,BNR,Cancelled
ORD-20240319-8763,53227828GN,TJZ-TJZ-927,8,2024-03-19,VNI,Pending
ORD-20240622-7138,7423821mGN,COC-COC-755,13,2024-06-22,BPL,Delivered
ORD-20240913-1928,5120440xGN,KZD-KZD-162,14,2024-09-13,MUM,Delivered
ORD-20241103-8434,1877980yGN,ONJ-ONJ-653,1,2024-11-03,BNR,Delivered
ORD-20240429-3052,6143270qGN,NFE-NFE-545,4,2024-04-29,HDB,Delivered
ORD-20240428-2839,0686068qGN,NWC-NWC-059,1,2024-04-28,LKO,Delivered
ORD-20240412-7080,4667203bHN,QFI-QFI-262,1,2024-04-12,BPL,Pending
ORD-20240923-5313,91930401HN,RJQ-RJQ-094,1,2024-09-23,CNI,Delivered
ORD-20240729-3208,5672671dHN,XXL-XXL-544,1,2024-07-29,BGL,Cancelled
ORD-20231204-647,9399658lHN,WMX-WMX-406,2,2023-12-04,GBZ,Delivered
ORD-20240826-9144,4614896bHN,FLC-FLC-871,2,2024-08-26,PTA,Delivered
ORD-20231204-2178,84892427HN,BRA-BRA-074,10,2023-12-04,DDN,Delivered
ORD-20241114-7399,8625265sHN,FMV-FMV-134,12,2024-11-14,CNI,Pending
ORD-20240620-9676,9624729uHN,PFQ-PFQ-012,13,2024-06-20,DDN,Delivered
ORD-20241116-3163,1406401uHN,FQJ-FQJ-076,3,2024-11-16,BGL,Delivered
ORD-20241001-9277,3231592bHN,RPT-RPT-976,4,2024-10-01,DLI,Delivered
ORD-20240201-7298,58114885HN,MNC-MNC-117,15,2024-02-01,JPR,Delivered
ORD-20240110-1684,63049192HN,UOU-UOU-764,13,2024-01-10,NOA,Pending
ORD-20240208-8273,92977665IN,RFK-RFK-504,7,2024-02-08,NOA,Delivered
ORD-20241031-9308,0424242hIN,LAF-LAF-176,15,2024-10-31,HDB,Pending
ORD-20240501-5836,9945033zIN,LYZ-LYZ-459,11,2024-05-01,GGM,Delivered
ORD-20240816-9302,9932065eIN,YFH-YFH-176,7,2024-08-16,BNR,Cancelled
ORD-20240706-2565,7773292zIN,WPC-WPC-048,9,2024-07-06,PTA,Delivered
ORD-20240123-9466,8017198wIN,DSW-DSW-924,4,2024-01-23,BPL,Pending
ORD-20231129-9828,4043970tIN,JUC-JUC-082,14,2023-11-29,VNI,Pending
ORD-20240220-6207,1444364wIN,TSP-TSP-843,8,2024-02-20,DDN,Delivered
ORD-20241106-1201,2731722lIN,CJC-CJC-886,6,2024-11-06,BPL,Cancelled
ORD-20240211-789,42600052IN,P0-P0-385,6,2024-02-11,PTA,Delivered
ORD-20240808-130,7118507rIN,JTD-JTD-551,15,2024-08-08,BPL,Delivered
ORD-20240621-6554,86416770IN,MHA-MHA-824,12,2024-06-21,PUN,Delivered
ORD-20240820-1467,2459927gIN,APC-APC-339,5,2024-08-20,PUN,Delivered
ORD-20231123-3251,2747373eIN,ADB-ADB-864,8,2023-11-23,GGM,Delivered
ORD-20240709-5936,9739835zIN,QSL-QSL-117,3,2024-07-09,LKO,Cancelled
ORD-20240730-1126,1305968rIN,KZZ-KZZ-424,11,2024-07-30,HDB,Delivered
ORD-20240514-2701,1899395cIM,LRF-LRF-776,7,2024-05-14,DDN,Cancelled
ORD-20240306-2472,3312696uIM,VFI-VFI-061,12,2024-03-06,SRT,Delivered
ORD-20240402-7495,9465341fIM,TFP-TFP-970,4,2024-04-02,THE,Delivered
ORD-20240329-8628,2173621gIM,EHT-EHT-466,12,2024-03-29,CNI,Delivered
ORD-20240924-3240,3379319IM,ALE-ALE-752,1,2024-09-24,KKA,Delivered
ORD-20240514-5712,1917220uIM,RPR-RPR-933,5,2024-05-14,LKO,Pending
ORD-20240515-2586,8072351vIM,BSP-BSP-347,10,2024-05-15,GGM,Delivered
ORD-20241002-2116,8785730jIM,NBK-NBK-406,3,2024-10-02,ATR,Pending
ORD-20240927-8432,97472300IM,ZPF-ZPF-740,12,2024-09-27,BGL,Delivered
ORD-20240502-6412,9611974rIM,JVG-JVG-159,14,2024-05-02,ATR,Delivered
ORD-20240407-9822,39488013IM,VFI-VFI-862,4,2024-04-07,PTA,Pending
ORD-20241008-9922,9526082rIM,SFN-SFN-266,6,2024-10-08,VNI,Delivered
ORD-20240528-9796,1366040hIM,EPB-EPB-690,15,2024-05-28,KKA,Pending
ORD-20240220-5209,6267500xIM,SGT-SGT-670,10,2024-02-20,DLI,Delivered
ORD-20240530-3831,0530696yIM,KWW-KWW-732,9,2024-05-30,GGM,Delivered
ORD-20231121-5537,4680634jIM,IID-IID-053,14,2023-11-21,PUN,Cancelled
ORD-20240927-9152,8888115iIM,NYL-NYL-013,2,2024-09-27,JPR,Delivered
ORD-20240702-6563,1033033sIM,BCY-BCY-207,15,2024-07-02,RJT,Delivered
ORD-20240331-9746,2351705zIM,ONM-ONM-292,11,2024-03-31,HDB,Pending
ORD-20241029-8574,9890920rIM,XLJ-XLJ-541,10,2024-10-29,DDN,Delivered
ORD-20241006-1013,10577227IM,QHH-QHH-397,13,2024-10-06,PTA,Delivered
ORD-20240817-3452,2737406gIM,CVW-CVW-977,12,2024-08-17,DLI,Delivered
ORD-20240427-4873,3153874gIM,KCD-KCD-579,13,2024-04-27,KKA,Delivered
ORD-20240708-6493,4044196pIM,OAF-OAF-729,13,2024-07-08,JPR,Delivered
ORD-20240611-9098,1627176pIM,OZV-OZV-198,12,2024-06-11,KKA,Pending
ORD-20240320-4878,8678105xIM,QUE-QUE-565,13,2024-03-20,GGM,Delivered
ORD-20241010-5973,1620298uIM,NQJ-NQJ-359,7,2024-10-10,THE,Cancelled
ORD-20240819-9300,3008733oIM,QHE-QHE-544,10,2024-08-19,PUN,Delivered
ORD-20240705-4453,5446209oIM,JUU-JUU-276,5,2024-07-05,PUN,Delivered
ORD-20240219-6687,9242805qIM,OSV-OSV-690,5,2024-02-19,IDE,Delivered
ORD-20240920-1742,4107142aJM,PNG-PNG-463,13,2024-09-20,GBZ,Pending
ORD-20240618-2437,5067750kJM,KYU-KYU-527,15,2024-06-18,GBZ,Delivered
ORD-20231230-4765,72105134JM,RAC-RAC-642,2,2023-12-30,PTA,Pending
ORD-20240930-5519,66495487JM,SCG-SCG-024,5,2024-09-30,GGM,Cancelled
ORD-20241107-6702,16422297JM,NFK-NFK-796,6,2024-11-07,GBZ,Cancelled
ORD-20240211-2507,5439691lJM,SRO-SRO-714,12,2024-02-11,BNR,Delivered
ORD-20240410-7003,2835669xJM,PUY-PUY-453,2,2024-04-10,JPR,Delivered
ORD-20240923-7242,3730368cJM,VBA-VBA-987,6,2024-09-23,NOA,Cancelled
ORD-20240818-3587,8250004bJM,UNB-UNB-897,12,2024-08-18,SRT,Delivered
ORD-20240115-4998,7148688kJM,RNF-RNF-709,12,2024-01-15,JPR,Pending
ORD-20240113-3636,5693597bJM,WNK-WNK-316,2,2024-01-13,HDB,Pending
ORD-20240723-5446,3304793oJM,VYD-VYD-077,12,2024-07-23,LKO,Pending
ORD-20240914-5880,6237177iJM,KNB-KNB-138,5,2024-09-14,SRT,Cancelled
ORD-20240203-7423,66986821JM,NMZ-NMZ-786,4,2024-02-03,NOA,Cancelled
ORD-20241029-7039,7949319cJM,DDN-DDN-676,9,2024-10-29,ATR,Delivered
ORD-20240802-522,0138948rJM,INQ-INQ-993,3,2024-08-02,DLI,Delivered
ORD-20240923-2234,7710986eJM,PSA-PSA-538,5,2024-09-23,LKO,Pending
ORD-20240117-2593,0477705mJM,XXW-XXW-427,10,2024-01-17,DDN,Delivered
ORD-20240805-4323,3954489uJM,BBP-BBP-228,8,2024-08-05,SRT,Pending
ORD-20241001-4005,8316479tJM,MRT-MRT-025,2,2024-10-01,KKA,Delivered
ORD-20240707-6230,63883347JM,DJD-DJD-308,9,2024-07-07,PUN,Delivered
ORD-20240923-1595,1925339rJM,KCY-KCY-546,6,2024-09-23,AGA,Pending
ORD-20240712-1420,60878125JM,ONB-ONB-243,6,2024-07-12,KKA,Pending
ORD-20240706-9501,4445708oJM,WYJ-WYJ-268,8,2024-07-06,RJT,Cancelled
ORD-20240611-2080,67482576JM,VXK-VXK-261,6,2024-06-11,ATR,Pending
ORD-20240303-460,96544951JM,LNP-LNP-334,15,2024-03-03,GBZ,Delivered
ORD-20240621-5425,1695083mJM,PWD-PWD-368,7,2024-06-21,ATR,Delivered
ORD-20231219-8363,5977863oJM,ONQ-ONQ-395,15,2023-12-19,VNI,Delivered
ORD-20231218-609,4779994tJM,PHO-PHO-826,1,2023-12-18,MUM,Delivered
ORD-20241101-1455,40991621JM,XSW-XSW-324,11,2024-11-01,RJT,Pending
ORD-20231207-4889,7798086nJM,0B-0B-795,13,2023-12-07,ABD,Delivered
ORD-20240410-5539,0039199fJM,OQH-OQH-807,15,2024-04-10,DDN,Delivered
ORD-20241026-4123,2137714wJM,BUJ-BUJ-123,12,2024-10-26,THE,Delivered
ORD-20241109-7374,9314223bJM,NHM-NHM-692,15,2024-11-09,VNI,Delivered
ORD-20240811-7517,7649690xJM,QZE-QZE-685,1,2024-08-11,DLI,Pending
ORD-20240105-6872,8009002hJM,TGM-TGM-824,9,2024-01-05,VNI,Delivered
ORD-20231125-1791,7751193kJM,NQK-NQK-330,8,2023-11-25,GKR,Delivered
ORD-20240427-8231,0553544eJM,MTT-MTT-203,7,2024-04-27,BNR,Pending
ORD-20241003-1591,11090409JM,HMO-HMO-925,7,2024-10-03,SRT,Delivered
ORD-20240202-4496,58024070JM,VFW-VFW-528,13,2024-02-02,NOA,Delivered
ORD-20241107-3404,2827023vJM,CVF-CVF-939,8,2024-11-07,HDB,Delivered
ORD-20240302-3646,9563095uJM,FDK-FDK-605,4,2024-03-02,BNR,Delivered
ORD-20240426-887,47198114JM,WJS-WJS-032,2,2024-04-26,THE,Delivered
ORD-20240424-5585,0384110vJM,SIP-SIP-018,5,2024-04-24,THE,Pending
ORD-20231220-7479,6296121dJM,CMK-CMK-560,14,2023-12-20,VNI,Delivered
ORD-20240222-3833,95140829JM,KZR-KZR-488,9,2024-02-22,BGL,Delivered
ORD-20231228-4206,4699631nJM,HFU-HFU-233,4,2023-12-28,NOA,Cancelled
ORD-20240613-966,6341059sJM,ECO-ECO-068,6,2024-06-13,BNR,Cancelled
ORD-20240523-9234,6820361rJM,YVA-YVA-940,14,2024-05-23,PTA,Pending
ORD-20240622-5796,2405061iJM,EVK-EVK-993,5,2024-06-22,ATR,Cancelled
ORD-20240511-1976,4136415dJM,SLV-SLV-693,10,2024-05-11,VNI,Delivered
ORD-20231220-7638,3391388pJM,SOW-SOW-039,14,2023-12-20,CNI,Delivered
ORD-20240120-3226,43861097JM,YSU-YSU-692,2,2024-01-20,AGA,Delivered
ORD-20231129-6219,1631040rJM,LZK-LZK-245,10,2023-11-29,BPL,Delivered
ORD-20240523-6978,2648196jJM,SMA-SMA-543,7,2024-05-23,VNI,Delivered
ORD-20231228-6815,7897836bJM,AIN-AIN-865,5,2023-12-28,ABD,Pending
ORD-20240815-8729,2592007pJM,QPN-QPN-742,11,2024-08-15,BGL,Delivered
ORD-20240703-1719,2724749jJM,LJJ-LJJ-647,15,2024-07-03,PTA,Pending
ORD-20240202-3227,5976484rJM,IOO-IOO-656,6,2024-02-02,HDB,Delivered
ORD-20240703-1336,36983806JM,LWZ-LWZ-688,12,2024-07-03,LKO,Delivered
ORD-20240622-5175,4945841pJM,IJC-IJC-597,14,2024-06-22,ATR,Cancelled
ORD-20240729-3189,0675832wJM,WNR-WNR-597,10,2024-07-29,GKR,Cancelled
ORD-20240822-1510,91414384JM,OYH-OYH-201,12,2024-08-22,ATR,Cancelled
ORD-20240516-4202,2256168bKM,YZF-YZF-757,14,2024-05-16,THE,Delivered
ORD-20231203-4384,6325065gKL,EIK-EIK-388,8,2023-12-03,RJT,Delivered
ORD-20240808-3855,49925518KL,HEU-HEU-868,2,2024-08-08,CNI,Delivered
ORD-20240830-1915,2782075xKL,YJL-YJL-906,3,2024-08-30,BGL,Pending
ORD-20231211-9560,0925282qKL,CNK-CNK-824,15,2023-12-11,LKO,Cancelled
ORD-20240120-5775,2865132bKL,JON-JON-010,8,2024-01-20,CNI,Cancelled
ORD-20240303-7116,1750242nKL,WXK-WXK-261,10,2024-03-03,DDN,Cancelled
ORD-20240108-8962,8494428yKL,DHS-DHS-082,3,2024-01-08,DDN,Cancelled
ORD-20240829-1990,23101043KL,YTT-YTT-083,11,2024-08-29,IDE,Pending
ORD-20240922-9919,8408025qKL,XXG-XXG-023,5,2024-09-22,BNR,Pending
ORD-20240410-1210,1815110cKL,TBV-TBV-953,10,2024-04-10,GGM,Delivered
ORD-20240115-5142,65307934KL,XMP-XMP-942,6,2024-01-15,KKA,Delivered
ORD-20231223-9724,51183683KL,AKF-AKF-094,1,2023-12-23,NOA,Delivered
ORD-20241017-366,5405774yKL,SQG-SQG-862,6,2024-10-17,DLI,Cancelled
ORD-20231130-5415,0590643yKL,VWN-VWN-942,13,2023-11-30,LKO,Delivered
ORD-20240912-4899,7036246cKL,DHD-DHD-848,15,2024-09-12,NOA,Cancelled
ORD-20240224-2856,47734837KL,KUC-KUC-774,11,2024-02-24,THE,Pending
ORD-20240407-2168,8345096kKL,QOP-QOP-833,7,2024-04-07,SRT,Pending
ORD-20240423-8561,0390503jKL,WIU-WIU-358,7,2024-04-23,HDB,Delivered
ORD-20231126-3829,65451475KL,CJT-CJT-223,11,2023-11-26,GKR,Delivered
ORD-20240119-3449,6185796aKL,SVX-SVX-577,13,2024-01-19,MUM,Pending
ORD-20240601-1552,43102917KL,YVJ-YVJ-789,13,2024-06-01,SRT,Delivered
ORD-20240622-1514,3638206cKL,QHT-QHT-439,2,2024-06-22,HDB,Delivered
ORD-20240119-5132,7547923cKL,ATD-ATD-358,12,2024-01-19,SRT,Pending
ORD-20240928-8126,1690146sKL,SXT-SXT-902,3,2024-09-28,KKA,Pending
ORD-20231130-8061,6421829vKL,MNF-MNF-351,10,2023-11-30,THE,Pending
ORD-20241104-36,83550982KL,YPH-YPH-902,13,2024-11-04,LKO,Pending
ORD-20240831-5512,79584412KL,GUV-GUV-696,6,2024-08-31,PTA,Cancelled
ORD-20231130-4354,2413112zKL,RPS-RPS-107,3,2023-11-30,CNI,Delivered
ORD-20240704-1748,7879579gKL,MOC-MOC-787,3,2024-07-04,GKR,Delivered
ORD-20241026-5305,97879050KL,SDT-SDT-216,11,2024-10-26,BGL,Pending
ORD-20240329-3068,3482318nKK,TIK-TIK-151,13,2024-03-29,RJT,Delivered
ORD-20240916-1489,55968130KK,RUA-RUA-378,3,2024-09-16,KKA,Delivered
ORD-20240505-3446,14993316KK,DXQ-DXQ-514,7,2024-05-05,HDB,Delivered
ORD-20231218-8578,43025141KK,WUK-WUK-898,14,2023-12-18,VNI,Delivered
ORD-20240625-4910,1704988aKK,PDD-PDD-954,6,2024-06-25,BNR,Delivered
ORD-20240608-844,7026222bKK,IET-IET-642,5,2024-06-08,RJT,Delivered
ORD-20240511-7716,3195374kKK,IHI-IHI-693,2,2024-05-11,ABD,Cancelled
ORD-20240810-8577,0177430cKK,DPF-DPF-717,14,2024-08-10,BPL,Pending
ORD-20231217-708,56947759KK,BRR-BRR-325,14,2023-12-17,DDN,Delivered
ORD-20240505-7170,8145936tKK,ZVF-ZVF-945,11,2024-05-05,ATR,Pending
ORD-20240219-5536,3655528uKK,OKU-OKU-931,12,2024-02-19,JPR,Cancelled
ORD-20240509-9996,3292265uKK,SBA-SBA-770,1,2024-05-09,GBZ,Delivered
ORD-20241007-1913,6983578eKK,RWG-RWG-470,6,2024-10-07,AGA,Delivered
ORD-20240719-6897,0731303nKK,OJB-OJB-948,4,2024-07-19,LKO,Cancelled
ORD-20240212-5792,18391248KK,WPD-WPD-426,3,2024-02-12,GGM,Delivered
ORD-20231202-408,7501500zKK,UTS-UTS-093,1,2023-12-02,AGA,Delivered
ORD-20241003-7628,7489736uKK,PLR-PLR-069,13,2024-10-03,NOA,Delivered
ORD-20240516-9507,70760411KK,IWT-IWT-631,9,2024-05-16,SRT,Delivered
ORD-20241024-6054,2583108xKK,SVE-SVE-286,8,2024-10-24,DDN,Pending
ORD-20240422-2721,3335920iKK,WTN-WTN-236,15,2024-04-22,DLI,Delivered
ORD-20240131-1622,4991589tKK,ROI-ROI-817,2,2024-01-31,GGM,Delivered
ORD-20231123-5189,2449938fKK,YJI-YJI-243,13,2023-11-23,BPL,Delivered
ORD-20240316-5293,73354046KK,MZD-MZD-343,7,2024-03-16,DDN,Delivered
ORD-20240326-3031,25560037KK,SBN-SBN-645,14,2024-03-26,DDN,Pending
ORD-20241023-9500,31984608MK,CHM-CHM-259,4,2024-10-23,JPR,Delivered
ORD-20240412-8621,45525944MK,NGI-NGI-715,1,2024-04-12,PUN,Delivered
ORD-20240809-3575,87623830MK,UHA-UHA-672,2,2024-08-09,NOA,Cancelled
ORD-20241116-8465,3725967uMK,MCV-MCV-769,2,2024-11-16,DLI,Pending
ORD-20240603-5659,97135882MK,RWO-RWO-917,3,2024-06-03,VNI,Pending
ORD-20240214-149,6406492fMK,BLD-BLD-905,7,2024-02-14,IDE,Delivered
ORD-20240805-8805,7595860tMK,HOZ-HOZ-684,11,2024-08-05,PUN,Pending
ORD-20231120-4243,4572879pMK,TPM-TPM-758,10,2023-11-20,BNR,Delivered
ORD-20240329-5678,1136237uMK,HLX-HLX-609,6,2024-03-29,ABD,Pending
ORD-20240322-1881,4953099MK,OWE-OWE-383,13,2024-03-22,NOA,Delivered
ORD-20240108-7546,2752020jMK,QLN-QLN-712,14,2024-01-08,VNI,Pending
ORD-20231129-2386,3182985sNK,HHV-HHV-416,2,2023-11-29,LKO,Delivered
ORD-20240908-8803,6939889hNK,LSI-LSI-752,8,2024-09-08,NOA,Cancelled
ORD-20240704-7979,1919476gNK,UYB-UYB-369,4,2024-07-04,LKO,Cancelled
ORD-20240412-568,8801672NK,BZA-BZA-386,13,2024-04-12,LKO,Cancelled
ORD-20240709-7634,3574307uNK,NMA-NMA-727,8,2024-07-09,IDE,Pending
ORD-20240709-9725,9984164mNK,KVC-KVC-215,6,2024-07-09,CNI,Cancelled
ORD-20240408-2140,92811651NK,WXV-WXV-625,7,2024-04-08,LKO,Delivered
ORD-20241113-4724,3729002gNK,QDS-QDS-877,10,2024-11-13,LKO,Delivered
ORD-20241020-9566,40663046NK,MHH-MHH-201,8,2024-10-20,ATR,Pending
ORD-20240909-6917,33209759NK,YOR-YOR-299,5,2024-09-09,DDN,Delivered
ORD-20240209-1278,7021199iNK,WBQ-WBQ-840,3,2024-02-09,THE,Delivered
ORD-20240329-2445,1749632qNK,VOG-VOG-715,8,2024-03-29,IDE,Delivered
ORD-20231208-8762,41540351NK,ESP-ESP-851,5,2023-12-08,PUN,Delivered
ORD-20240921-3100,4310627jNK,EJR-EJR-527,10,2024-09-21,MUM,Delivered
ORD-20240301-7751,45576971NK,DIJ-DIJ-540,14,2024-03-01,DLI,Pending
ORD-20241114-497,92594525NK,DCU-DCU-834,12,2024-11-14,MUM,Delivered
ORD-20240208-6862,6751191bNK,DOH-DOH-556,8,2024-02-08,ABD,Delivered
ORD-20240426-413,85212708NK,AXT-AXT-010,1,2024-04-26,PUN,Cancelled
ORD-20240510-5478,8827869NK,PCQ-PCQ-411,13,2024-05-10,DDN,Delivered
ORD-20240304-6083,36044332NK,MVZ-MVZ-161,6,2024-03-04,PUN,Cancelled
ORD-20240726-44,8589713xNK,YDS-YDS-510,15,2024-07-26,LKO,Pending
ORD-20240326-9881,7620302nNK,QBS-QBS-703,1,2024-03-26,HDB,Delivered
ORD-20240322-1776,5654682dNK,WUM-WUM-722,2,2024-03-22,GGM,Delivered
ORD-20240527-158,5759992zNK,HYG-HYG-507,5,2024-05-27,DLI,Delivered
ORD-20240926-2989,59796529NK,WVJ-WVJ-880,2,2024-09-26,BNR,Pending
ORD-20231216-8516,3705239iNK,GHG-GHG-187,9,2023-12-16,DLI,Delivered
ORD-20240722-2158,3126428pNK,BLA-BLA-376,7,2024-07-22,KKA,Pending
ORD-20240806-2812,6477584xNK,VIP-VIP-196,7,2024-08-06,HDB,Delivered
ORD-20231203-7296,7108102lNK,FKH-FKH-599,2,2023-12-03,GBZ,Cancelled
ORD-20240105-7209,5253492wNK,SBI-SBI-701,10,2024-01-05,DLI,Delivered
ORD-20240803-3295,2822383pNK,GNE-GNE-063,10,2024-08-03,LKO,Pending
ORD-20240507-1733,0210786yNK,XGY-XGY-894,9,2024-05-07,IDE,Delivered
ORD-20240902-5831,6991101tNK,HRZ-HRZ-220,13,2024-09-02,CNI,Delivered
ORD-20240705-5021,2909617iNK,COT-COT-795,10,2024-07-05,BPL,Delivered
ORD-20240723-2361,9358160tNK,RMB-RMB-471,1,2024-07-23,SRT,Pending
ORD-20240814-4077,9721972jNK,XPA-XPA-484,13,2024-08-14,IDE,Cancelled
ORD-20231118-4527,3501459aNK,KXI-KXI-272,12,2023-11-18,CNI,Delivered
ORD-20240322-1719,31619104NK,KEU-KEU-379,9,2024-03-22,DDN,Delivered
ORD-20240427-2381,0766261aNK,NPF-NPF-904,2,2024-04-27,PUN,Delivered
ORD-20240421-6610,1907075nNK,ILG-ILG-422,2,2024-04-21,BGL,Delivered
ORD-20241007-811,3550023bNK,HHL-HHL-923,9,2024-10-07,NOA,Pending
ORD-20240115-49,24161292NK,VJE-VJE-162,8,2024-01-15,PTA,Delivered
ORD-20231124-9229,35624451NK,AVQ-AVQ-913,8,2023-11-24,GGM,Delivered
ORD-20231127-9684,9523837gNK,QRX-QRX-354,9,2023-11-27,SRT,Delivered
ORD-20240414-5123,23351617NK,TWV-TWV-041,5,2024-04-14,DLI,Pending
ORD-20231122-7369,6359939aNK,RHL-RHL-306,9,2023-11-22,BNR,Delivered
ORD-20231215-8471,2672341jNK,NCS-NCS-088,8,2023-12-15,NOA,Delivered
ORD-20240822-5846,54945261NK,LQS-LQS-507,8,2024-08-22,DDN,Pending
ORD-20241022-8831,4886127nNK,RGH-RGH-597,4,2024-10-22,PTA,Pending
ORD-20240709-3348,5804570nNK,TYG-TYG-662,9,2024-07-09,CNI,Delivered
ORD-20240125-3485,8457356sNK,IEC-IEC-217,10,2024-01-25,JPR,Delivered
ORD-20240714-3836,2639997jNK,PBO-PBO-595,6,2024-07-14,GGM,Delivered
ORD-20241112-880,26264230NK,KKK-KKK-857,1,2024-11-12,LKO,Cancelled
ORD-20240902-140,4098648rNK,YVJ-YVJ-400,1,2024-09-02,LKO,Delivered
ORD-20240717-7807,95817812NK,PWN-PWN-202,14,2024-07-17,GBZ,Delivered
ORD-20231219-984,10226620NK,OQJ-OQJ-858,13,2023-12-19,DLI,Pending
ORD-20231118-9100,7433143jNK,JMM-JMM-814,10,2023-11-18,ATR,Delivered
ORD-20240725-6656,7990254NK,WGX-WGX-787,2,2024-07-25,DLI,Delivered
ORD-20240518-8907,1065155eNK,CSB-CSB-738,4,2024-05-18,DDN,Delivered
ORD-20240304-380,0995030bNK,DZK-DZK-922,3,2024-03-04,MUM,Pending
ORD-20240612-1846,8764637jNK,BGZ-BGZ-949,2,2024-06-12,AGA,Cancelled
ORD-20240317-8355,72852440NK,CBP-CBP-596,10,2024-03-17,RJT,Pending
ORD-20240502-9262,7771699qNK,QBB-QBB-108,11,2024-05-02,MUM,Pending
ORD-20240425-8377,85780228NK,IMC-IMC-657,15,2024-04-25,GBZ,Cancelled
ORD-20240204-4950,0026104tNK,RGN-RGN-942,1,2024-02-04,DDN,Delivered
ORD-20240312-1922,54748230NK,FPN-FPN-481,14,2024-03-12,GKR,Delivered
ORD-20240416-2704,0455280tNK,RWC-RWC-260,11,2024-04-16,GBZ,Delivered
ORD-20240120-7834,4891511sNJ,EYS-EYS-195,7,2024-01-20,DDN,Delivered
ORD-20240620-261,7921349xNJ,GFX-GFX-933,10,2024-06-20,IDE,Delivered
ORD-20240809-7832,0234968oNJ,NXG-NXG-078,13,2024-08-09,VNI,Delivered
ORD-20240710-6776,5791958cNJ,FHH-FHH-396,9,2024-07-10,DLI,Pending
ORD-20240206-6300,6248986gNJ,KML-KML-065,14,2024-02-06,THE,Delivered
ORD-20240602-6425,3992012fNJ,QZC-QZC-492,3,2024-06-02,BNR,Delivered
ORD-20240109-260,2803623tNJ,KYM-KYM-687,7,2024-01-09,MUM,Delivered
ORD-20240830-9834,6717333pNJ,WJQ-WJQ-280,4,2024-08-30,NOA,Delivered
ORD-20240804-4902,33130943NJ,EOW-EOW-746,13,2024-08-04,SRT,Delivered
ORD-20240524-2942,98553657NJ,VBA-VBA-065,1,2024-05-24,RJT,Cancelled
ORD-20241112-282,77553969NJ,SML-SML-372,7,2024-11-12,RJT,Delivered
ORD-20240113-2910,99215531NJ,TVJ-TVJ-491,9,2024-01-13,VNI,Pending
ORD-20240102-469,8571391sNJ,JBV-JBV-875,9,2024-01-02,DLI,Pending
ORD-20240701-5541,25646632NJ,HXE-HXE-662,11,2024-07-01,IDE,Pending
ORD-20240220-6592,4106070xNJ,YQY-YQY-972,13,2024-02-20,BPL,Delivered
ORD-20240229-5978,57674826NJ,FOB-FOB-762,10,2024-02-29,DLI,Pending
ORD-20231220-1510,3763808eNJ,NCA-NCA-861,10,2023-12-20,VNI,Delivered
ORD-20240503-7862,7965913sNJ,KKW-KKW-860,13,2024-05-03,CNI,Delivered
ORD-20240220-1058,6235419mNJ,OSD-OSD-579,10,2024-02-20,NOA,Delivered
ORD-20240428-9256,5794093qNJ,QJX-QJX-375,6,2024-04-28,THE,Delivered
ORD-20231128-5526,9367359xNJ,XYR-XYR-861,13,2023-11-28,SRT,Cancelled
ORD-20240403-335,3518437pNJ,CCM-CCM-147,11,2024-04-03,BGL,Delivered
ORD-20240220-4180,6199375fNJ,GAZ-GAZ-553,5,2024-02-20,THE,Delivered
ORD-20240824-1186,19012398NJ,UIA-UIA-080,7,2024-08-24,BNR,Delivered
ORD-20240702-8142,50213663NJ,HNZ-HNZ-044,10,2024-07-02,DLI,Cancelled
ORD-20240105-396,58331796NJ,HDN-HDN-209,1,2024-01-05,IDE,Delivered
ORD-20241113-755,6558564NJ,LVB-LVB-940,4,2024-11-13,BNR,Pending
ORD-20241018-7157,3271134eNJ,GLC-GLC-648,5,2024-10-18,GGM,Delivered
ORD-20240327-3143,2111171wNJ,YMQ-YMQ-025,8,2024-03-27,CNI,Delivered
ORD-20231118-1998,6694771rNJ,RJL-RJL-859,15,2023-11-18,JPR,Delivered
ORD-20240629-4317,78271722NI,VMG-VMG-154,5,2024-06-29,ABD,Delivered
ORD-20240124-7203,1929395eNI,IGJ-IGJ-106,4,2024-01-24,HDB,Delivered
ORD-20240505-9397,0378372gNI,LST-LST-952,11,2024-05-05,KKA,Pending
ORD-20240524-2544,4139127oNI,ORA-ORA-151,2,2024-05-24,PUN,Delivered
ORD-20241011-4500,5372173kNI,CUU-CUU-075,13,2024-10-11,PUN,Delivered
ORD-20240611-4429,4036845rNI,MQD-MQD-839,10,2024-06-11,PTA,Delivered
ORD-20240705-3521,4463330zNI,REF-REF-215,3,2024-07-05,IDE,Pending
ORD-20240327-9548,2640041pNI,OWP-OWP-835,11,2024-03-27,BPL,Delivered
ORD-20240626-4421,6849129rNI,VFT-VFT-790,3,2024-06-26,VNI,Delivered
ORD-20240625-2510,9889092iNI,AYQ-AYQ-468,2,2024-06-25,SRT,Delivered
ORD-20240526-2581,8007693jNH,AFM-AFM-024,6,2024-05-26,BGL,Delivered
ORD-20240308-9973,7762153zNH,ONQ-ONQ-040,10,2024-03-08,KKA,Pending
ORD-20240828-127,91976114NH,ZYF-ZYF-116,1,2024-08-28,CNI,Pending
ORD-20240602-5233,1565765oNH,JDD-JDD-268,4,2024-06-02,PTA,Delivered
ORD-20240324-688,90804861NH,MDJ-MDJ-769,5,2024-03-24,THE,Delivered
ORD-20240505-6106,53162185NH,CSN-CSN-791,2,2024-05-05,PUN,Delivered
ORD-20240804-8388,1443940NH,LMG-LMG-185,4,2024-08-04,DLI,Delivered
ORD-20240518-4625,37356851NH,BNC-BNC-945,11,2024-05-18,GGM,Delivered
ORD-20240524-8494,9968194qNH,EIG-EIG-372,3,2024-05-24,CNI,Delivered
ORD-20240121-5654,5246716iNH,QJD-QJD-961,15,2024-01-21,GBZ,Cancelled
ORD-20240818-4339,3628682nNH,TTX-TTX-955,2,2024-08-18,ATR,Pending
ORD-20240605-8639,7899302zNH,UQF-UQF-177,13,2024-06-05,THE,Delivered
ORD-20240626-393,8460260uNH,JWM-JWM-024,10,2024-06-26,ABD,Delivered
ORD-20240402-732,14819762NH,PJR-PJR-482,15,2024-04-02,AGA,Delivered
ORD-20240523-3498,38129313NH,SSE-SSE-212,4,2024-05-23,JPR,Delivered
ORD-20240811-1048,2223442aNH,RTX-RTX-599,7,2024-08-11,DLI,Delivered
ORD-20241011-5530,7507378kNH,DMI-DMI-622,9,2024-10-11,BPL,Delivered
ORD-20240423-3144,61281229NH,RUY-RUY-993,1,2024-04-23,DLI,Delivered
ORD-20231208-7817,23243052NH,UZC-UZC-270,14,2023-12-08,LKO,Delivered
ORD-20240320-2866,45217467NH,UIF-UIF-485,3,2024-03-20,GBZ,Pending
ORD-20240507-1702,3084610wNH,QGG-QGG-073,13,2024-05-07,PUN,Pending
ORD-20240624-5923,38875520NH,DXJ-DXJ-835,15,2024-06-24,RJT,Delivered
ORD-20240526-2798,7047707pNH,YFK-YFK-253,5,2024-05-26,ATR,Delivered
ORD-20231120-622,2696689dNH,CUB-CUB-436,7,2023-11-20,PTA,Delivered
ORD-20231217-8647,86130350NH,CKI-CKI-401,10,2023-12-17,JPR,Delivered
ORD-20240121-3421,0732043sNH,UAY-UAY-110,7,2024-01-21,GGM,Delivered
ORD-20240625-7918,9515475nNH,PXX-PXX-158,15,2024-06-25,GKR,Pending
ORD-20240819-3468,2307734kNH,CHH-CHH-561,14,2024-08-19,VNI,Delivered
ORD-20240912-1192,1158063dNH,BYD-BYD-866,5,2024-09-12,RJT,Cancelled
ORD-20240707-9129,8182508wNH,PWZ-PWZ-423,2,2024-07-07,LKO,Delivered
ORD-20231127-5338,1529900yNH,SUA-SUA-364,15,2023-11-27,IDE,Pending
ORD-20241104-3891,80283205OH,DXU-DXU-947,3,2024-11-04,LKO,Delivered
ORD-20241011-4250,9330181hOH,ESA-ESA-074,14,2024-10-11,ABD,Delivered
ORD-20240903-6658,5451320xOH,FZO-FZO-493,9,2024-09-03,BGL,Delivered
ORD-20240626-8174,29592699OH,XEZ-XEZ-875,14,2024-06-26,IDE,Delivered
ORD-20240202-9199,8293645pOH,RHW-RHW-875,3,2024-02-02,PTA,Delivered
ORD-20240322-3518,5878005vOG,BCX-BCX-056,1,2024-03-22,LKO,Pending
ORD-20231216-2690,81836875OG,MGE-MGE-293,2,2023-12-16,PTA,Delivered
ORD-20240909-9931,9198045ePG,THO-THO-955,8,2024-09-09,AGA,Delivered
ORD-20240621-2851,7436675cPG,GAU-GAU-270,12,2024-06-21,MUM,Cancelled
ORD-20231127-9491,7172839iPG,FBP-FBP-004,13,2023-11-27,GBZ,Delivered
ORD-20240102-836,7300216rPG,QLH-QLH-361,13,2024-01-02,JPR,Delivered
ORD-20240203-3309,2433720ePG,YKK-YKK-016,15,2024-02-03,DDN,Pending
ORD-20241011-1222,4992742qPG,CCT-CCT-987,9,2024-10-11,KKA,Cancelled
ORD-20240529-1136,7063634kPG,PGQ-PGQ-610,1,2024-05-29,MUM,Delivered
ORD-20240811-1177,5923583qPG,TGZ-TGZ-446,11,2024-08-11,KKA,Delivered
ORD-20240405-3351,3188358fPG,HTN-HTN-240,14,2024-04-05,JPR,Delivered
ORD-20240115-455,95640943PG,CEH-CEH-266,10,2024-01-15,SRT,Pending
ORD-20240624-103,4750566gPG,GWA-GWA-662,1,2024-06-24,SRT,Delivered
ORD-20240301-7295,24089346PG,GHW-GHW-523,12,2024-03-01,MUM,Delivered
ORD-20240204-8797,79278985PG,UBS-UBS-397,1,2024-02-04,SRT,Delivered
ORD-20241020-2062,4270516xPG,QAE-QAE-753,4,2024-10-20,BPL,Pending
ORD-20240604-4665,6604456fPG,KRB-KRB-908,4,2024-06-04,NOA,Cancelled
ORD-20240610-5934,7214201rPG,XQU-XQU-738,10,2024-06-10,RJT,Pending
ORD-20240211-4242,8028929vPG,DJF-DJF-235,9,2024-02-11,GGM,Pending
ORD-20240411-69,82161528PG,JLB-JLB-727,14,2024-04-11,KKA,Cancelled
ORD-20240224-2776,21216581PG,CUC-CUC-773,11,2024-02-24,RJT,Delivered
ORD-20240612-638,8073529bPG,IZQ-IZQ-720,6,2024-06-12,GGM,Pending
ORD-20240105-4517,7131288oPG,LIW-LIW-029,10,2024-01-05,MUM,Pending
ORD-20240409-8115,79849019PG,MIG-MIG-493,2,2024-04-09,BGL,Delivered
ORD-20240228-179,2030705fPG,LFW-LFW-720,9,2024-02-28,AGA,Delivered
ORD-20231117-8828,36564520PG,BAO-BAO-990,3,2023-11-17,BNR,Delivered
ORD-20240719-230,0391982vPG,VUP-VUP-142,11,2024-07-19,THE,Delivered
ORD-20240713-9057,9477528zPG,BYX-BYX-499,1,2024-07-13,GGM,Delivered
ORD-20231202-9484,92544019PG,YZM-YZM-568,6,2023-12-02,DDN,Pending
ORD-20240913-8633,94389077PG,ZCX-ZCX-817,10,2024-09-13,KKA,Delivered
ORD-20240419-1399,3941756lPG,KFZ-KFZ-066,15,2024-04-19,GBZ,Delivered
ORD-20240720-5402,5338017zPG,ZBO-ZBO-100,10,2024-07-20,NOA,Delivered
ORD-20240717-2296,3841468oPG,AXE-AXE-271,10,2024-07-17,LKO,Cancelled
ORD-20231130-9819,6721799tPG,OZP-OZP-409,3,2023-11-30,HDB,Pending
ORD-20240603-2452,67538772PG,ZBD-ZBD-199,1,2024-06-03,BPL,Delivered
ORD-20240527-7195,75311443PG,RAF-RAF-938,1,2024-05-27,KKA,Delivered
ORD-20240407-2543,6602536bPG,JXH-JXH-282,14,2024-04-07,DLI,Pending
ORD-20240604-7056,5422969wPG,VYM-VYM-440,8,2024-06-04,LKO,Delivered
ORD-20241108-9332,17257473PG,EXZ-EXZ-055,9,2024-11-08,KKA,Delivered
ORD-20240414-3858,61690674PG,UQP-UQP-785,6,2024-04-14,KKA,Delivered
ORD-20240311-2667,45638817PG,MIW-MIW-776,5,2024-03-11,KKA,Delivered
ORD-20240107-1592,6553815hPG,QAS-QAS-503,10,2024-01-07,CNI,Pending
ORD-20240422-222,2948997gPG,OQH-OQH-390,7,2024-04-22,BNR,Pending
ORD-20240614-6831,92145390PG,XCK-XCK-265,7,2024-06-14,BGL,Cancelled
ORD-20241007-2995,61353201PG,YJE-YJE-789,7,2024-10-07,LKO,Delivered
ORD-20240527-2163,4798668ePG,CKE-CKE-997,7,2024-05-27,MUM,Delivered
ORD-20241018-5283,3854486zPG,JXT-JXT-414,7,2024-10-18,BGL,Pending
ORD-20231205-4663,97825835PG,UBC-UBC-619,8,2023-12-05,LKO,Delivered
ORD-20240512-7176,0603004vPG,EHB-EHB-342,3,2024-05-12,MUM,Pending
ORD-20240904-7120,1411122iPG,AHO-AHO-667,6,2024-09-04,MUM,Delivered
ORD-20240513-7800,4045491cPG,VHB-VHB-351,9,2024-05-13,CNI,Pending
ORD-20241112-8538,2854813PG,OSK-OSK-771,2,2024-11-12,BNR,Delivered
ORD-20231221-3603,9196028pPG,UFA-UFA-599,1,2023-12-21,NOA,Pending
ORD-20240221-1374,3100430aPG,KBM-KBM-986,3,2024-02-21,MUM,Pending
ORD-20240126-7832,21677746PG,HLF-HLF-214,7,2024-01-26,HDB,Cancelled
ORD-20240510-2177,49312111PG,XJN-XJN-661,7,2024-05-10,PTA,Delivered
ORD-20240301-4810,0275629mPG,CDI-CDI-511,10,2024-03-01,CNI,Pending
ORD-20240117-6094,3310677uPG,VKJ-VKJ-041,1,2024-01-17,THE,Cancelled
ORD-20240518-540,9478612rPG,HLR-HLR-456,6,2024-05-18,LKO,Pending
ORD-20240717-8117,14675822PG,BMB-BMB-693,4,2024-07-17,JPR,Cancelled
ORD-20240610-2900,7267503bPG,ZDC-ZDC-798,4,2024-06-10,ABD,Cancelled
ORD-20240125-7199,2439119hPG,GND-GND-861,2,2024-01-25,SRT,Cancelled
ORD-20240707-9883,0174638rPG,QVN-QVN-957,8,2024-07-07,JPR,Pending
ORD-20240224-6519,0873079uPG,YQI-YQI-102,4,2024-02-24,DDN,Delivered
ORD-20240515-954,31611247PG,CDC-CDC-904,6,2024-05-15,DLI,Delivered
ORD-20240118-3659,6804894uPG,QBX-QBX-808,13,2024-01-18,DLI,Delivered
ORD-20240719-8879,6172066fPG,IXF-IXF-886,10,2024-07-19,GGM,Pending
ORD-20240303-3577,1447049zPG,QRY-QRY-426,14,2024-03-03,BGL,Pending
ORD-20240306-3739,2339573nPG,XDN-XDN-890,13,2024-03-06,THE,Pending
ORD-20240525-2339,7792986PG,IVG-IVG-428,14,2024-05-25,SRT,Pending
ORD-20240608-38,94858704PG,VUY-VUY-339,10,2024-06-08,BGL,Delivered
ORD-20240324-5615,78238333PG,NGD-NGD-675,15,2024-03-24,DDN,Delivered
ORD-20240607-1876,7467204jPG,HQF-HQF-699,10,2024-06-07,KKA,Delivered
ORD-20231212-233,4668390nPG,AHS-AHS-181,3,2023-12-12,GGM,Delivered
ORD-20241026-7439,0747794dPG,HVW-HVW-838,14,2024-10-26,IDE,Delivered
ORD-20240111-3817,15162110PG,VWI-VWI-049,9,2024-01-11,NOA,Delivered
ORD-20240816-2377,3083606kPG,LER-LER-686,3,2024-08-16,PTA,Pending
ORD-20240919-5061,72888590PG,HLA-HLA-800,2,2024-09-19,KKA,Pending
ORD-20240514-9425,9459843cPG,BRS-BRS-801,4,2024-05-14,KKA,Delivered
ORD-20240330-7547,28350907PF,RSG-RSG-637,2,2024-03-30,DLI,Cancelled
ORD-20231203-7150,0697625sPF,LJC-LJC-162,6,2023-12-03,HDB,Pending
ORD-20240314-9174,0808403nPF,DGI-DGI-792,3,2024-03-14,LKO,Cancelled
ORD-20240205-4001,59875933PF,FXM-FXM-955,15,2024-02-05,VNI,Delivered
ORD-20241024-7334,4570170tPF,SYA-SYA-079,5,2024-10-24,NOA,Pending
ORD-20240226-6959,48831305RF,ADT-ADT-942,7,2024-02-26,CNI,Pending
ORD-20240713-7841,6974523lRF,XZN-XZN-092,10,2024-07-13,GGM,Pending
ORD-20241023-3886,85553233RF,WTJ-WTJ-275,4,2024-10-23,DDN,Delivered
ORD-20240614-6868,34599515RF,BGQ-BGQ-787,2,2024-06-14,KKA,Pending
ORD-20240607-828,9300567yRE,NKZ-NKZ-104,5,2024-06-07,GBZ,Delivered
ORD-20240629-5183,2977611dRE,BMD-BMD-117,9,2024-06-29,JPR,Delivered
ORD-20240324-939,8960357bRD,HBJ-HBJ-344,9,2024-03-24,GBZ,Delivered
ORD-20240502-7751,30300133RD,ZMR-ZMR-604,2,2024-05-02,SRT,Cancelled
ORD-20231204-4074,4031345oRD,DBA-DBA-387,13,2023-12-04,SRT,Delivered
ORD-20240530-7559,0738995hRD,ASQ-ASQ-624,8,2024-05-30,KKA,Pending
ORD-20240116-1511,72344243RD,ZIQ-ZIQ-349,2,2024-01-16,PTA,Delivered
ORD-20241015-1123,1259500fRD,MBW-MBW-837,12,2024-10-15,DLI,Pending
ORD-20240331-5006,26660588RD,CDT-CDT-151,9,2024-03-31,ABD,Delivered
ORD-20240218-929,2948516mRD,CNZ-CNZ-924,15,2024-02-18,AGA,Cancelled
ORD-20240929-3741,2903043mRD,XCG-XCG-313,15,2024-09-29,DDN,Delivered
ORD-20241005-5627,0772004pRD,PDF-PDF-648,11,2024-10-05,GGM,Delivered
ORD-20240411-2837,5233057uRD,GKZ-GKZ-517,8,2024-04-11,RJT,Delivered
ORD-20240422-6161,69644070RD,LUJ-LUJ-149,1,2024-04-22,DDN,Delivered
ORD-20240216-5990,49067339RD,LRK-LRK-814,3,2024-02-16,SRT,Pending
ORD-20240404-1755,7502670sRD,CPX-CPX-060,14,2024-04-04,RJT,Pending
ORD-20240329-8044,61147773RD,BVO-BVO-135,1,2024-03-29,THE,Pending
ORD-20240113-7921,75157414RD,TLX-TLX-838,10,2024-01-13,DDN,Pending
ORD-20241006-4772,90198605RD,OKQ-OKQ-232,6,2024-10-06,CNI,Pending
ORD-20240406-2030,1239069fRD,ENR-ENR-001,4,2024-04-06,GKR,Delivered
ORD-20240724-5118,8627788mRD,COC-COC-120,11,2024-07-24,ABD,Pending
ORD-20240727-517,2483801rRD,VTW-VTW-946,4,2024-07-27,JPR,Delivered
ORD-20240509-1750,4934133lRD,GVX-GVX-843,6,2024-05-09,THE,Pending
ORD-20240624-6275,2893879RD,ZBP-ZBP-860,12,2024-06-24,MUM,Delivered
ORD-20231225-8884,3324037bRD,MIY-MIY-493,14,2023-12-25,MUM,Delivered
ORD-20240106-4453,0987821mRD,SII-SII-762,5,2024-01-06,BNR,Delivered
ORD-20240925-5478,9929340lRD,TPM-TPM-514,15,2024-09-25,KKA,Pending
ORD-20240928-9835,231271RD,EBA-EBA-620,3,2024-09-28,CNI,Cancelled
ORD-20240208-7126,1874122wRD,PXX-PXX-096,3,2024-02-08,RJT,Delivered
ORD-20231227-2003,5797942gRD,EDB-EDB-666,10,2023-12-27,PTA,Cancelled
ORD-20240308-7023,1309578uRD,TZM-TZM-474,15,2024-03-08,DLI,Delivered
ORD-20240503-9074,2007647iRD,XPM-XPM-431,13,2024-05-03,GBZ,Pending
ORD-20240326-4496,8889479RD,BFY-BFY-281,8,2024-03-26,SRT,Pending
ORD-20241111-9672,34027202RD,VGX-VGX-814,12,2024-11-11,BPL,Delivered
ORD-20240317-9179,8156216eRD,NRO-NRO-556,11,2024-03-17,VNI,Delivered
ORD-20240929-1183,3594754bRD,MOX-MOX-309,8,2024-09-29,PTA,Pending
ORD-20240516-30,7966237sSD,AME-AME-753,12,2024-05-16,IDE,Delivered
ORD-20240710-6818,4720271mSD,NLP-NLP-699,14,2024-07-10,IDE,Cancelled
ORD-20240402-4898,3070659dSD,KNZ-KNZ-469,9,2024-04-02,DLI,Delivered
ORD-20240122-2401,97514091SD,FTV-FTV-645,13,2024-01-22,CNI,Delivered
ORD-20231211-9536,3547096kSD,MEC-MEC-927,11,2023-12-11,PUN,Pending
ORD-20241005-8127,67455656SD,DXF-DXF-164,10,2024-10-05,KKA,Pending
ORD-20240927-7788,45874467SD,VJV-VJV-034,1,2024-09-27,HDB,Delivered
ORD-20240629-1510,89915696SD,AHU-AHU-023,7,2024-06-29,LKO,Pending
ORD-20241103-6052,91197213SD,IKH-IKH-394,3,2024-11-03,BPL,Delivered
ORD-20240711-5139,959661SD,FVV-FVV-456,9,2024-07-11,DDN,Delivered
ORD-20240601-8329,8579178ySD,FYM-FYM-289,1,2024-06-01,ABD,Delivered
ORD-20240817-7934,28856310SD,SRF-SRF-795,1,2024-08-17,ABD,Delivered
ORD-20240901-5150,0000732mSD,NES-NES-625,9,2024-09-01,SRT,Delivered
ORD-20241103-7414,8655520bSD,WHX-WHX-536,4,2024-11-03,SRT,Delivered
ORD-20240623-3285,2789768sSD,XAY-XAY-051,5,2024-06-23,GBZ,Delivered
ORD-20240720-4045,42964390SD,OFY-OFY-410,12,2024-07-20,GBZ,Pending
ORD-20240806-7039,5772365wSD,VTZ-VTZ-421,3,2024-08-06,DDN,Delivered
ORD-20240925-6912,9810311nSD,THO-THO-830,12,2024-09-25,BPL,Delivered
ORD-20240706-9356,7776507eSD,TNS-TNS-974,2,2024-07-06,JPR,Delivered
ORD-20240601-9725,9024818sSD,JZR-JZR-178,5,2024-06-01,RJT,Delivered
ORD-20240624-378,6790724cSD,CMY-CMY-815,3,2024-06-24,SRT,Delivered
ORD-20240306-4897,32148929SD,CBL-CBL-187,4,2024-03-06,SRT,Delivered
ORD-20241022-5652,2339360gSD,GEA-GEA-121,3,2024-10-22,CNI,Delivered
ORD-20240509-1490,20228893SD,IQS-IQS-467,11,2024-05-09,GGM,Delivered
ORD-20240227-6508,5851304gSD,RAI-RAI-421,9,2024-02-27,KKA,Delivered
ORD-20240629-5834,8133883kSD,HCA-HCA-564,4,2024-06-29,THE,Pending
ORD-20240308-2392,61066045SD,IDT-IDT-178,8,2024-03-08,MUM,Delivered
ORD-20231208-3474,5193852iSD,YRZ-YRZ-565,5,2023-12-08,BNR,Delivered
ORD-20241105-4711,79224109SD,ADU-ADU-097,8,2024-11-05,AGA,Delivered
ORD-20240613-3341,3803037cSD,BCS-BCS-966,1,2024-06-13,IDE,Delivered
ORD-20240825-2484,58053243SD,MRD-MRD-950,11,2024-08-25,DLI,Delivered
ORD-20240116-7134,5440605pSD,EVS-EVS-351,4,2024-01-16,SRT,Pending
ORD-20240101-755,8105443nSD,UYP-UYP-126,14,2024-01-01,BPL,Pending
ORD-20240908-9439,9709739dSD,LIL-LIL-210,4,2024-09-08,AGA,Delivered
ORD-20231224-3330,7646450pSD,CVY-CVY-742,7,2023-12-24,PUN,Delivered
ORD-20240129-2369,2456473fSD,SMM-SMM-144,10,2024-01-29,IDE,Delivered
ORD-20240102-7724,7409534vSD,KKO-KKO-597,15,2024-01-02,AGA,Cancelled
ORD-20241010-2221,2531967kSD,GPM-GPM-975,9,2024-10-10,IDE,Delivered
ORD-20240908-1666,31511134SD,KUH-KUH-845,10,2024-09-08,ATR,Delivered
ORD-20240905-9389,19288179SD,NQM-NQM-357,6,2024-09-05,LKO,Delivered
ORD-20240203-4648,1232084gSD,NZN-NZN-625,10,2024-02-03,PTA,Delivered
ORD-20240213-6779,7893909gSD,DFP-DFP-798,2,2024-02-13,DDN,Delivered
ORD-20231231-9281,1811484jSD,AEG-AEG-624,12,2023-12-31,CNI,Cancelled
ORD-20241003-4495,9886268cSD,STS-STS-217,4,2024-10-03,HDB,Delivered
ORD-20240815-7498,5253255cSD,IZC-IZC-299,10,2024-08-15,BNR,Delivered
ORD-20240721-7931,1122292oSD,QPK-QPK-496,13,2024-07-21,PUN,Delivered
ORD-20240812-2988,27080158SC,KIP-KIP-952,6,2024-08-12,ATR,Cancelled
ORD-20240519-4950,4651040qSC,JPS-JPS-159,7,2024-05-19,KKA,Pending
ORD-20240411-9695,3258722kSC,PQQ-PQQ-380,15,2024-04-11,GBZ,Delivered
ORD-20240801-3149,3138204aSC,TPR-TPR-785,4,2024-08-01,DLI,Delivered
ORD-20240901-4969,8979881SC,CTP-CTP-080,7,2024-09-01,ABD,Delivered
ORD-20231225-7225,6272676gSC,LJQ-LJQ-118,1,2023-12-25,SRT,Delivered
ORD-20231127-8042,1123369SC,VFE-VFE-816,10,2023-11-27,SRT,Delivered
ORD-20231119-7114,1958203lSC,OSU-OSU-122,5,2023-11-19,GGM,Delivered
ORD-20240811-6612,7347777bSC,XRX-XRX-841,13,2024-08-11,KKA,Delivered
ORD-20240308-1167,71630878SC,XLX-XLX-418,8,2024-03-08,VNI,Pending
ORD-20240607-2668,22829875SC,OSV-OSV-686,10,2024-06-07,SRT,Delivered
ORD-20241026-4691,2598736hSC,UUC-UUC-960,6,2024-10-26,HDB,Delivered
ORD-20240316-32,5675245kSC,WNX-WNX-353,15,2024-03-16,ATR,Pending
ORD-20240903-4475,6087528bSC,DCL-DCL-218,11,2024-09-03,DLI,Cancelled
ORD-20240530-2364,7067135qSC,EFJ-EFJ-491,4,2024-05-30,BGL,Delivered
ORD-20240305-4794,95252960SC,KBP-KBP-930,12,2024-03-05,GGM,Pending
ORD-20240721-5729,8743337vSC,EGN-EGN-192,13,2024-07-21,HDB,Delivered
ORD-20240625-6273,0362240gSC,MNF-MNF-255,9,2024-06-25,BNR,Cancelled
ORD-20240614-2367,4125238vSC,DDJ-DDJ-743,5,2024-06-14,GBZ,Delivered
ORD-20241027-1289,0648426bSC,JQT-JQT-882,4,2024-10-27,GKR,Delivered
ORD-20241114-849,5452188hSC,IXC-IXC-001,2,2024-11-14,BPL,Delivered
ORD-20241019-2528,45275095SC,OZO-OZO-722,13,2024-10-19,ABD,Delivered
ORD-20240117-3027,0577540cSC,HVO-HVO-310,13,2024-01-17,NOA,Delivered
ORD-20241011-4432,76029185SC,LHB-LHB-714,10,2024-10-11,GGM,Delivered
ORD-20240319-4158,3034177fSC,YRW-YRW-107,14,2024-03-19,PTA,Delivered
ORD-20241014-8992,6019220qSC,YIB-YIB-210,7,2024-10-14,LKO,Delivered
ORD-20231213-2595,74707932TC,ZMQ-ZMQ-685,9,2023-12-13,THE,Delivered
ORD-20241013-5071,8309211fTC,QDS-QDS-649,6,2024-10-13,HDB,Delivered
ORD-20240325-7517,6024407fTC,MPK-MPK-135,9,2024-03-25,DLI,Delivered
ORD-20240315-5759,8807188mTC,MQX-MQX-870,15,2024-03-15,AGA,Pending
ORD-20241015-3102,5062186rTC,ZEY-ZEY-240,7,2024-10-15,AGA,Delivered
ORD-20240504-7796,9220067nTC,GNS-GNS-281,9,2024-05-04,THE,Delivered
ORD-20240115-6626,4782956eTC,BTF-BTF-860,11,2024-01-15,GBZ,Cancelled
ORD-20240608-5498,9910327gTC,ZIZ-ZIZ-082,3,2024-06-08,BGL,Delivered
ORD-20241003-8792,4616869rTC,JVL-JVL-261,11,2024-10-03,IDE,Pending
ORD-20240718-7529,18572070TC,IEW-IEW-182,7,2024-07-18,KKA,Delivered
ORD-20240117-3744,0803901kTC,CDW-CDW-611,15,2024-01-17,THE,Pending
ORD-20240510-5768,47905270TC,KBA-KBA-060,10,2024-05-10,PUN,Pending
ORD-20240426-7670,89783894TC,MKI-MKI-045,7,2024-04-26,KKA,Delivered
ORD-20240720-616,2416259wTC,ISW-ISW-485,8,2024-07-20,MUM,Delivered
ORD-20240706-2342,48588249TC,QGQ-QGQ-617,12,2024-07-06,BPL,Pending
ORD-20240207-6315,4243740yTC,DWZ-DWZ-641,7,2024-02-07,CNI,Delivered
ORD-20240909-7151,8099898rTC,LDB-LDB-185,2,2024-09-09,AGA,Pending
ORD-20240101-5748,65803245TC,OAT-OAT-623,1,2024-01-01,ABD,Delivered
ORD-20240422-2433,6257893dTC,NAL-NAL-216,1,2024-04-22,DLI,Delivered
ORD-20241027-6092,44812234TC,FDJ-FDJ-680,2,2024-10-27,JPR,Delivered
ORD-20231211-3922,88720612TC,DRX-DRX-386,3,2023-12-11,SRT,Delivered
ORD-20240921-4492,2662418eTC,YWG-YWG-802,14,2024-09-21,PTA,Cancelled
ORD-20231203-1119,0138013gTC,DVV-DVV-454,14,2023-12-03,KKA,Cancelled
ORD-20240619-9509,8323341qTC,RTF-RTF-047,11,2024-06-19,BPL,Delivered
ORD-20240521-4298,7340007aTC,MOF-MOF-277,5,2024-05-21,GGM,Delivered
ORD-20240518-4741,4844866yTC,FHV-FHV-480,7,2024-05-18,GBZ,Pending
ORD-20240622-5344,3145129hTC,OVX-OVX-607,8,2024-06-22,GKR,Delivered
ORD-20231125-462,33497131TC,JLT-JLT-794,8,2023-11-25,GKR,Pending
ORD-20240409-4181,74637390TB,FSD-FSD-347,7,2024-04-09,HDB,Pending
ORD-20231210-6120,9713588kTB,DZY-DZY-570,9,2023-12-10,BGL,Cancelled
ORD-20240603-2599,1009667fTB,VHL-VHL-526,14,2024-06-03,CNI,Pending
ORD-20240212-1728,33183481TB,WZH-WZH-023,9,2024-02-12,DDN,Delivered
ORD-20240716-3287,9463364aTB,DHQ-DHQ-145,10,2024-07-16,IDE,Delivered
ORD-20240119-9717,2020340wTB,JEW-JEW-044,12,2024-01-19,GBZ,Delivered
ORD-20231201-1057,7893979sTB,OUC-OUC-436,3,2023-12-01,ATR,Delivered
ORD-20240206-9190,8300322rTB,ZKW-ZKW-306,8,2024-02-06,DLI,Delivered
ORD-20240611-7716,4242017jTB,UWU-UWU-764,7,2024-06-11,GKR,Delivered
ORD-20240520-506,7372313rTB,HJY-HJY-627,3,2024-05-20,PUN,Pending
ORD-20240714-2448,5172954aTB,KGS-KGS-649,11,2024-07-14,ATR,Cancelled
ORD-20240411-2542,5943745lTB,HQM-HQM-416,8,2024-04-11,BNR,Pending
ORD-20240505-7301,6426788aTB,ASU-ASU-355,9,2024-05-05,BNR,Pending
ORD-20240530-1184,98097665TB,PYY-PYY-932,4,2024-05-30,PUN,Delivered
ORD-20240321-8851,0986182eTB,VYP-VYP-581,14,2024-03-21,HDB,Cancelled
ORD-20241013-3874,6092470bTB,PYU-PYU-472,6,2024-10-13,CNI,Delivered
ORD-20240420-6836,6225766rTB,MHF-MHF-676,11,2024-04-20,BNR,Delivered
ORD-20240416-6770,2804242cTB,UJZ-UJZ-265,5,2024-04-16,CNI,Delivered
ORD-20240516-9310,2752113mTB,MJJ-MJJ-023,3,2024-05-16,LKO,Pending
ORD-20240803-9753,89884770TB,QKW-QKW-189,13,2024-08-03,AGA,Cancelled
ORD-20231129-7766,13677630TB,SBJ-SBJ-516,9,2023-11-29,THE,Delivered
ORD-20240217-8201,1583701mTB,EHR-EHR-767,11,2024-02-17,BPL,Delivered
ORD-20240823-8441,8037769pTB,MEI-MEI-132,4,2024-08-23,LKO,Pending
ORD-20241109-8427,4258250uTB,HAM-HAM-906,5,2024-11-09,IDE,Delivered
ORD-20240411-5039,8668211gTB,RHK-RHK-376,1,2024-04-11,GGM,Delivered
ORD-20240811-9193,4157746eTB,YRH-YRH-127,13,2024-08-11,ATR,Delivered
ORD-20240717-601,7388704jTB,MQI-MQI-239,4,2024-07-17,AGA,Pending
ORD-20240220-4709,25898377TB,WUI-WUI-285,14,2024-02-20,VNI,Delivered
ORD-20241105-4409,7081024mTB,EIP-EIP-198,7,2024-11-05,BGL,Delivered
ORD-20240103-4220,3665050vTB,NKO-NKO-359,10,2024-01-03,LKO,Delivered
ORD-20240429-1847,1460497lTB,NUM-NUM-660,1,2024-04-29,NOA,Pending
ORD-20241023-6389,5529679qTB,LDO-LDO-317,5,2024-10-23,HDB,Delivered
ORD-20240613-4939,3996723wTB,EMA-EMA-503,6,2024-06-13,ATR,Delivered
ORD-20241024-4027,39119875TB,NYK-NYK-280,10,2024-10-24,AGA,Pending
ORD-20240517-2223,8849248vTB,XKJ-XKJ-356,12,2024-05-17,NOA,Pending
ORD-20240403-5425,7375697iTB,IUI-IUI-198,1,2024-04-03,NOA,Delivered
ORD-20240623-8718,0389871lTB,KOT-KOT-153,9,2024-06-23,GGM,Cancelled
ORD-20240506-8855,6830751uTB,OQM-OQM-877,12,2024-05-06,IDE,Pending
ORD-20231219-720,5297662qTB,HYY-HYY-628,8,2023-12-19,HDB,Pending
ORD-20240708-5369,0882257pTB,SZT-SZT-566,14,2024-07-08,ABD,Delivered
ORD-20241029-4187,5046905vTB,XVW-XVW-242,5,2024-10-29,LKO,Delivered
ORD-20240218-4399,7961095hTB,PRY-PRY-274,7,2024-02-18,SRT,Pending
ORD-20240401-6595,18999098TB,WFP-WFP-127,8,2024-04-01,HDB,Pending
ORD-20240308-6718,5092308aTB,UCJ-UCJ-872,5,2024-03-08,KKA,Pending
ORD-20240323-5332,1034028aTB,DLG-DLG-196,9,2024-03-23,DDN,Pending
ORD-20241115-1314,2467319sTB,QVL-QVL-001,8,2024-11-15,BPL,Delivered
ORD-20231231-6357,3966373wTB,MDT-MDT-668,5,2023-12-31,KKA,Delivered
ORD-20240425-2364,8014723bTB,IGA-IGA-425,13,2024-04-25,NOA,Delivered
ORD-20240321-2179,3089472mTB,CCD-CCD-796,1,2024-03-21,GGM,Delivered
ORD-20241101-3885,1282770dTB,KMO-KMO-737,6,2024-11-01,LKO,Delivered
ORD-20240704-1801,4541642lTB,DFQ-DFQ-038,15,2024-07-04,LKO,Delivered
ORD-20240920-8948,5919653zTB,QRD-QRD-911,4,2024-09-20,KKA,Delivered
ORD-20240811-5313,1662778aTB,HAN-HAN-873,8,2024-08-11,AGA,Delivered
ORD-20241019-9526,44552347TB,TCY-TCY-275,14,2024-10-19,VNI,Delivered
ORD-20241015-1082,2635842rTB,RST-RST-936,6,2024-10-15,ABD,Pending
ORD-20240407-9260,9700013xTB,SHY-SHY-875,2,2024-04-07,NOA,Pending
ORD-20231214-6242,2818293mTB,NIB-NIB-633,6,2023-12-14,JPR,Delivered
ORD-20240103-3228,1221766qUB,DPG-DPG-906,14,2024-01-03,ATR,Delivered
ORD-20231129-3080,41573909UB,NSH-NSH-354,3,2023-11-29,IDE,Delivered
ORD-20240422-6339,7191958vUB,VFX-VFX-853,13,2024-04-22,DLI,Delivered
ORD-20240507-9294,6183371xUB,TSO-TSO-854,8,2024-05-07,VNI,Delivered
ORD-20240317-1933,1662214xUB,APL-APL-934,15,2024-03-17,IDE,Pending
ORD-20240911-101,1532122UB,NVY-NVY-981,1,2024-09-11,MUM,Pending
ORD-20240226-8960,4695906uVB,URY-URY-136,2,2024-02-26,RJT,Delivered
ORD-20241025-4059,7934142gVB,WWW-WWW-650,9,2024-10-25,GBZ,Delivered
ORD-20241115-3818,6036583qVB,VHJ-VHJ-162,11,2024-11-15,JPR,Delivered
ORD-20241024-1705,1316327cVB,EKU-EKU-820,12,2024-10-24,NOA,Delivered
ORD-20240815-6943,65356409VB,REK-REK-699,9,2024-08-15,LKO,Delivered
ORD-20240518-769,91674550VB,LWS-LWS-600,11,2024-05-18,PTA,Delivered
ORD-20240902-9038,5305450sVB,SNV-SNV-911,2,2024-09-02,IDE,Delivered
ORD-20240313-288,5379264wVB,DEF-DEF-936,14,2024-03-13,GGM,Pending
ORD-20241003-6533,23715586VB,CGB-CGB-361,2,2024-10-03,PTA,Delivered
ORD-20240114-1674,5346953bVB,XQN-XQN-505,13,2024-01-14,DDN,Delivered
ORD-20240627-142,1300067qVB,UWY-UWY-122,3,2024-06-27,KKA,Delivered
ORD-20240925-2727,3396939nVB,AED-AED-984,10,2024-09-25,JPR,Delivered
ORD-20240312-5933,7199043sVB,YAH-YAH-030,14,2024-03-12,BGL,Pending
ORD-20240515-4584,4923115kVB,UOE-UOE-544,1,2024-05-15,PUN,Delivered
ORD-20231206-8890,42555361VB,JAB-JAB-785,8,2023-12-06,ABD,Pending
ORD-20241024-7836,5882104yVB,CUV-CUV-512,8,2024-10-24,BGL,Delivered
ORD-20240414-360,7071563yVB,SUS-SUS-067,9,2024-04-14,BGL,Delivered
ORD-20240422-6501,0711018cVB,HMC-HMC-429,7,2024-04-22,GBZ,Delivered
ORD-20240726-3885,5056624fVB,QZH-QZH-784,10,2024-07-26,CNI,Pending
ORD-20240916-6293,1179902yVB,UCV-UCV-878,4,2024-09-16,BGL,Cancelled
ORD-20240225-4903,1636797nVB,ZGC-ZGC-076,4,2024-02-25,HDB,Delivered
ORD-20241024-8396,0752461eVB,FWA-FWA-992,15,2024-10-24,PTA,Pending
ORD-20240606-836,5879903cVB,YTV-YTV-455,15,2024-06-06,LKO,Delivered
ORD-20241026-3634,9006691sVB,SWR-SWR-521,7,2024-10-26,CNI,Delivered
ORD-20240126-9692,3137811tVB,KWE-KWE-874,5,2024-01-26,RJT,Delivered
ORD-20231129-758,0062184fVB,HJS-HJS-410,3,2023-11-29,BPL,Delivered
ORD-20240607-8260,3150303mVB,PCV-PCV-680,2,2024-06-07,DLI,Cancelled
ORD-20231204-5419,88420771VB,BOD-BOD-602,4,2023-12-04,JPR,Pending
ORD-20240531-3600,4861618yVB,FIZ-FIZ-384,14,2024-05-31,GGM,Delivered
ORD-20240423-2919,2113045lVB,NQH-NQH-269,3,2024-04-23,PTA,Delivered
ORD-20241003-9838,3546900yVB,RWG-RWG-946,7,2024-10-03,THE,Delivered
ORD-20240820-5064,21651294VB,RVS-RVS-676,6,2024-08-20,DLI,Delivered
ORD-20231206-2034,7720017nVB,PZK-PZK-281,2,2023-12-06,VNI,Delivered
ORD-20240630-3136,3562913qVB,VKR-VKR-430,12,2024-06-30,AGA,Delivered
ORD-20240122-701,3188133vVB,RMQ-RMQ-191,14,2024-01-22,BNR,Delivered
ORD-20241114-4860,77537961VB,PSP-PSP-185,9,2024-11-14,BGL,Delivered
ORD-20240406-8336,8260445uVB,HHW-HHW-237,15,2024-04-06,BPL,Delivered
ORD-20231205-1911,6156793qVB,CZS-CZS-478,12,2023-12-05,NOA,Pending
ORD-20240723-9555,9931898uVB,IJL-IJL-351,12,2024-07-23,ATR,Delivered
ORD-20231122-9600,9155800uVB,UUJ-UUJ-503,10,2023-11-22,THE,Delivered
ORD-20231129-5900,12825519VB,WQL-WQL-069,5,2023-11-29,HDB,Cancelled
ORD-20240125-9490,0467983vVB,LBR-LBR-279,13,2024-01-25,ABD,Pending
ORD-20240525-1597,4113487rVB,WXO-WXO-108,9,2024-05-25,PUN,Pending
ORD-20240717-5313,0432547vVB,VMW-VMW-146,12,2024-07-17,KKA,Delivered
ORD-20231222-9979,98347231VB,CDQ-CDQ-078,9,2023-12-22,ATR,Cancelled
ORD-20241006-2412,2573903zVB,ASP-ASP-819,12,2024-10-06,SRT,Delivered
ORD-20240331-2230,6397345dVB,NJD-NJD-319,4,2024-03-31,GGM,Delivered
ORD-20240716-7518,5877261bVA,0Y-0Y-217,5,2024-07-16,KKA,Delivered
ORD-20240404-3126,7717731gVA,GPX-GPX-221,4,2024-04-04,KKA,Pending
ORD-20240526-7625,9085113pVA,FKP-FKP-848,10,2024-05-26,ABD,Delivered
ORD-20240219-8898,1812362iVA,EMQ-EMQ-348,3,2024-02-19,DDN,Delivered
ORD-20241004-9281,5167479fVA,GUH-GUH-586,2,2024-10-04,NOA,Delivered
ORD-20240319-5824,7595495yVA,NYR-NYR-323,11,2024-03-19,AGA,Delivered
ORD-20240627-8493,5742607rVA,UXB-UXB-947,13,2024-06-27,AGA,Delivered
ORD-20240228-6499,3948399qVA,FSX-FSX-029,7,2024-02-28,RJT,Pending
ORD-20240314-214,1873444cVA,BSW-BSW-026,5,2024-03-14,JPR,Pending
ORD-20240123-4881,4384208sVA,CEG-CEG-823,2,2024-01-23,ATR,Pending
ORD-20231123-9368,3264088vVA,SUV-SUV-277,15,2023-11-23,LKO,Delivered
ORD-20241023-322,81052248VA,IGL-IGL-296,1,2024-10-23,IDE,Cancelled
ORD-20240131-798,0124656cVA,KKF-KKF-831,5,2024-01-31,RJT,Pending
ORD-20240523-279,8479915eVA,OVM-OVM-692,15,2024-05-23,LKO,Pending
ORD-20241005-8535,40658949VA,KOD-KOD-916,3,2024-10-05,NOA,Delivered
ORD-20240716-6910,70834498VA,KFS-KFS-745,3,2024-07-16,DLI,Cancelled
ORD-20240426-3757,3423733fVA,TTQ-TTQ-738,3,2024-04-26,JPR,Delivered
ORD-20241005-3330,96513260VA,LJT-LJT-166,6,2024-10-05,DLI,Delivered
ORD-20240111-6690,7812469gVA,MRK-MRK-086,13,2024-01-11,BGL,Delivered
ORD-20240423-414,2759691eVA,TYL-TYL-232,14,2024-04-23,KKA,Delivered
ORD-20231201-6220,1576418wVA,FOC-FOC-269,5,2023-12-01,BNR,Pending
ORD-20240611-807,3451559rVA,BHX-BHX-986,1,2024-06-11,IDE,Pending
ORD-20240910-7762,7916891sVA,RTM-RTM-541,15,2024-09-10,ATR,Delivered
ORD-20240829-4564,2036770dVA,RGA-RGA-760,12,2024-08-29,DLI,Delivered
ORD-20240320-7237,77086171VA,FTV-FTV-594,15,2024-03-20,ATR,Pending
ORD-20241021-3241,5720725iVA,APM-APM-833,13,2024-10-21,PUN,Delivered
ORD-20240824-3671,7209855nWA,OLU-OLU-156,15,2024-08-24,GGM,Pending
ORD-20240623-4966,5725121yWA,FBL-FBL-608,5,2024-06-23,ATR,Delivered
ORD-20241005-3365,7112489gWA,PHT-PHT-775,13,2024-10-05,DLI,Delivered
ORD-20241024-4381,5055072nWA,KTA-KTA-326,12,2024-10-24,NOA,Delivered
ORD-20240527-6068,1329723qYA,ELQ-ELQ-500,11,2024-05-27,GKR,Cancelled
ORD-20240804-1119,82375341YA,BGS-BGS-891,3,2024-08-04,NOA,Pending
ORD-20241011-9028,28378642YA,LNZ-LNZ-824,9,2024-10-11,IDE,Delivered
ORD-20240217-4347,8124288oYA,FZK-FZK-719,10,2024-02-17,DLI,Delivered
ORD-20240222-3934,4814955aYA,SVB-SVB-614,9,2024-02-22,BNR,Delivered
ORD-20231218-2675,6802993qYA,EUT-EUT-433,14,2023-12-18,IDE,Pending
ORD-20240419-3604,2370527vYA,GRJ-GRJ-583,13,2024-04-19,VNI,Pending
ORD-20240712-8431,58180723YA,JWB-JWB-857,8,2024-07-12,ATR,Delivered
ORD-20240102-2866,10088161YA,GQW-GQW-271,5,2024-01-02,GKR,Pending
ORD-20231228-3768,6389961cYA,ACB-ACB-994,13,2023-12-28,IDE,Cancelled
ORD-20240117-2450,12933418ZA,SIK-SIK-342,8,2024-01-17,CNI,Cancelled
ORD-20240102-4439,61588132RA,KVS-KVS-869,12,2024-01-02,VNI,Delivered
ORD-20240101-3761,2707234qRA,KBK-KBK-739,1,2024-01-01,BNR,Delivered
ORD-20231205-7398,16618047RA,OQF-OQF-451,11,2023-12-05,ATR,Delivered
ORD-20240309-3483,0293317vRA,MUT-MUT-746,15,2024-03-09,DLI,Cancelled
ORD-20241008-2390,1142923cRA,SUY-SUY-931,3,2024-10-08,GGM,Delivered
ORD-20240829-4341,5820707sRA,OSQ-OSQ-846,14,2024-08-29,THE,Delivered
ORD-20240223-300,41036221RA,TEU-TEU-681,2,2024-02-23,SRT,Delivered
ORD-20240107-8911,5508268eRA,MKE-MKE-267,10,2024-01-07,AGA,Pending
ORD-20240531-5084,0607896pRA,OQY-OQY-921,14,2024-05-31,JPR,Pending
ORD-20231125-2081,1503043cRA,GGL-GGL-692,7,2023-11-25,RJT,Pending
ORD-20240204-601,8184771nRA,GFQ-GFQ-363,5,2024-02-04,THE,Delivered
ORD-20231220-8078,9353567nRA,FBD-FBD-770,5,2023-12-20,GGM,Delivered
ORD-20240714-4432,5288058xRA,MLM-MLM-094,10,2024-07-14,AGA,Delivered
ORD-20240910-6799,3851845sRA,JXB-JXB-276,5,2024-09-10,BPL,Delivered
ORD-20240429-4906,4327346aRA,YBG-YBG-217,1,2024-04-29,BNR,Cancelled
ORD-20240120-5616,9986976iRA,ZVE-ZVE-750,12,2024-01-20,BGL,Pending
ORD-20240316-9305,35725078RA,TNJ-TNJ-392,3,2024-03-16,BNR,Pending
ORD-20240528-9511,3717736mRA,VSN-VSN-827,7,2024-05-28,BGL,Cancelled
ORD-20231205-6992,6126191tRA,RUB-RUB-952,12,2023-12-05,CNI,Delivered
ORD-20240930-2915,39357180RA,NIL-NIL-181,10,2024-09-30,NOA,Delivered
ORD-20240505-1292,4224215zRA,RXY-RXY-298,11,2024-05-05,LKO,Delivered
ORD-20240106-4116,15918880RK,EVD-EVD-960,6,2024-01-06,BNR,Pending
ORD-20240513-6873,36947740RP,MBD-MBD-795,11,2024-05-13,HDB,Pending